Công ty cổ phần Dược phẩm Hải Phòng,DPH
Công ty Cổ phần Sữa Hà Nội,HNM
Công ty Cổ phần Quản lý Quỹ VinaCapital,FUEVN100
Công ty Cổ phần Công nghệ Thông tin + Viễn thông và Tự động hóa Dầu Khí,PAI
Công ty  cổ phần Đồng Tân,D17
Công ty cổ phần Kosy,KOS
Công ty Cổ phần Sách và Thiết bị giáo dục miền Bắc,NBE
Công ty Cổ phần Sông Đà 19 ,SJM
Công ty cổ phần Công trình công cộng và dịch vụ du lịch Hải Phòng,CDH
Công ty Cổ phần Cấp nước Nhà Bè,NBW
Tổng Công ty Khoáng sản và Thương mại Hà Tĩnh - CTCP,MTA
Công ty Cổ phần Điện Cơ Hải Phòng,DHP
Công ty Cổ phần Bia Sài Gòn - Hà Nội,BSH
Công ty cổ phần Tư vấn Đầu tư Mỏ và Công nghiệp - Vinacomin,TVM
Công ty cổ phần Nhựa An Phát Xanh,AAA
CTCP Petro Times,PPT
Công ty Cổ phần Đầu tư Xây dựng số 5,CI5
Công ty cổ phần Vimarko,VMK
Công ty Cổ phần Bao bì Đạm Phú Mỹ,PMP
Công ty cổ phần Sonadezi Châu Đức,SZC
Công ty cổ phần Hóa phẩm Dầu khí DMC-Miền Nam,DMS
Công ty cổ phần Xây dựng và Đầu tư Visicons,VC6
Công ty Cổ phần Bọc Ống Dầu khí Việt Nam ,PVB
Công ty Cổ phần Bia Hà Nội - Quảng Bình,BQB
Công ty Cổ phần Sông Đà - Thăng Long,STL
Công ty Cổ phần Vinavico ,CTA
Công ty Cổ phần sách và thiết bị giáo dục miền Nam ,SMN
Công ty Cổ phần Tập đoàn Tiến Bộ,TTB
Công ty Cổ phần Chứng khoán Sài Gòn Hà Nội ,SHS
Công ty cổ phần Vinhomes,VHM
Công ty Cổ phần đầu tư và phát triển Nhà số 6 Hà Nội,HD6
Công ty Cổ phần Đầu tư ICAPITAL,PTC
Công ty Cổ phần đầu tư Năm Bảy Bảy,NBB
Công ty Cổ phần Đầu tư LDG ,LDG
Tổng Công ty Cổ phần Đường sông Miền Nam ,SWC
Tổng công ty Khoáng sản TKV - CTCP,KSV
Công ty Cổ phần công nghệ cao Traphaco,CNC
Công ty Cổ phần Đầu tư PV-Inconess,RGC
Công ty Cổ phần Habeco - Hải Phòng,HBH
Công ty Cổ phần Khoáng sản Sài Gòn - Quy Nhơn,SQC
Công ty Cổ phần Đầu tư và Thương mại Vũ Đăng,SVD
Công ty Cổ phần chế tạo máy - VINACOMIN,CTT
Công ty Cổ phần Thành Thành Công - Biên Hòa,SBT
Công ty Cổ phần Xuất nhập khẩu Y tế Thành phố Hồ Chí Minh,YTC
Công ty Cổ phần Vinafco,VFC
Tổng Công ty Cổ phần Dịch vụ Kỹ thuật Dầu khí Việt Nam,PVS
Công ty Cổ phần Hồng Hà Việt Nam ,PHH
Công ty Cổ phần Đầu tư Nam Long,NLG
Công ty Cổ phần Dịch vụ du lịch Mỹ Trà,MTC
Công ty Cổ phần Tập đoàn Thành Nam,TNI
CÔNG TY CỔ PHẦN GIỐNG BÒ SỮA MỘC CHÂU,MCM
Công ty Cổ phần Sông Đà 2,SD2
Công ty Cổ phần Đầu tư và Xây dựng công trình 3,CT3
Công ty Cổ phần Chứng khoán phố Wall,WSS
Công ty Cổ phần Nhựa Hà Nội,NHH
Công ty Cổ phần Chứng Khoán Thiên Việt,TVS
CÔNG TY CỔ PHẦN GIAO NHẬN VẬN TẢI MIỀN TRUNG,VMT
Công ty cổ phần Chế tạo Giàn khoan Dầu khí,PVY
Công ty Cổ phần Khoáng sản và Xây dựng Bình Dương,KSB
Công ty Cổ phần Phát triển Điện Lực Việt Nam,VPD
CÔNG TY CỔ PHẦN CHỨNG KHOÁN VIX,VIX
Công ty Cổ phần Nước sạch số 2 Hà Nội,NS2
Công ty Cổ phần Thủy điện Sông Ba Hạ,SBH
Công ty Cổ phần sản xuất xuất nhập khẩu NHP,NHP
Công ty Cổ phần Máy - Thiết bị Dầu khí Đà Nẵng,DAS
Công ty Cổ phần Xuất nhập khẩu Hàng không,ARM
Công ty cổ phần Bất động sản và Đầu tư VRC,VRC
Công ty cổ phần Bia Sài Gòn - Bạc Liêu,SBL
Công ty cổ phần Đầu tư Sản xuất và Thương mại HCD,HCD
Công ty Cổ phần Đầu tư và Phát triển Y tế Việt Nhật,JVC
Công ty Cổ phần Đầu tư - Kinh doanh nhà,ITC
Công ty Cổ phần Trang trí nội thất Dầu khí ,PID
Công ty cổ phần thủy điện Xuân Minh,XMP
Công ty cổ phần Dịch vụ Trực tuyến FPT,FOC
Công ty Cổ phần Bê tông Hòa Cẩm - Intimex,HCC
Công ty Cổ phần Công nghệ Mạng và Truyền thông,CMT
Công ty cổ phần Thực phẩm Hà Nội,HAF
Công ty Cổ phần công nghiệp thương mại Sông Đà,STP
CÔNG TY CỔ PHẦN THIẾT BỊ ĐIỆN MIỀN BẮC,NEM
Công ty cổ phần Giầy Thượng Đình,GTD
CTCP vận tải và dịch vụ hàng hải,TRS
Tổng Công ty Phát điện 3 - Công ty cổ phần,PGV
Tổng Công ty Cổ phần Bia - Rượu - Nước giải khát Sài Gòn,SAB
Công ty Cổ phần Cảng Đoạn Xá,DXP
Công ty Cổ phần Ánh Dương Việt Nam ,VNS
Công ty Cổ phần DAP - VINACHEM,DDV
Công ty Cổ phần Thủy điện miền Trung,CHP
Công ty Cổ phần Tập đoàn Đất Xanh,DXG
Công ty Cổ phần Vật tư - TKV,MTS
Công ty Cổ phần Hoàng Hà ,HHG
Công ty Cổ phần Bến xe Hà Nội ,HNB
Công ty Cổ phần Tập đoàn Hòa Phát,HPG
Công ty cổ phần cà phê Thuận An,TAN
Công ty Cổ phần Kim khí Miền Trung ,KMT
Công ty Cổ phần Nam Việt ,NAV
Công ty Cổ phần In sách Giáo Khoa Hòa Phát,HTP
Công ty Cổ phần Everpia,EVE
Công ty Cổ phần Xăng dầu Dầu khí Vũng Áng,POV
Công ty Cổ phần Nhiệt điện Ninh Bình,NBP
Quỹ ETF MAFM VNDIAMOND,FUEMAVND
Tổng Công ty Thương mại Kỹ thuật và Đầu tư - Công ty cổ phần,PEG
Công ty Cổ phần Cơ khí Điện lực,PEC
CÔNG TY CỔ PHẦN VINAM,CVN
Tổng công ty Tư vấn Xây dựng Thủy Lợi Việt Nam - CTCP,HEJ
Công ty Cổ phần Container Miền Trung,VSM
Công ty cổ phần Cấp nước Quảng Bình,NQB
Công ty Cổ phần Beton 6,BT6
Công ty Cổ phần MT GAS,MTG
Công ty cổ phần Tin học Viễn thông Petrolimex,PIA
Công ty cổ phần Đường sắt Vĩnh Phú,DSV
Công ty cổ phần Cẩm Hà,CHC
Công ty Cổ phần Thuốc sát trùng Cần Thơ,CPC
Công ty Cổ phần đầu tư và xây dựng cấp thoát nước,VSI
Công ty Cổ phần Nước sạch Bắc Giang,BGW
Ngân hàng TMCP Bản Việt,BVB
Công ty Cổ phần Vận tải biển Hải Âu,SSG
Công ty cổ phần Dệt May 7,DM7
Công ty cổ phần Đầu tư Phát triển nhà HUD2,HD2
Công ty Cổ phần Xăng dầu Dầu khí Phú Yên,PPY
CÔNG TY CỔ PHẦN THIẾT BỊ,MA1
Công ty Cổ phần Kinh doanh Than miền Bắc - Vinacomin,TMB
Công ty Cổ phần Thực phẩm Nông sản Xuất khẩu Sài Gòn,AGX
Công ty Cổ phần Xây dựng và chế biến lương thực Vĩnh Hà,VHF
Công ty Cổ phần Tập đoàn ASG,ASG
Công ty cổ phần Đầu tư Công nghiệp Xuất nhập khẩu Đông Dương,DDG
Công ty cổ phần bảo vệ thực vật 1 Trung Ương,BT1
Công ty Cổ phần Hóa chất Việt Trì,HVT
Công ty Cổ phần Phát triển hạ tầng Vĩnh Phúc,IDV
Công ty Cổ phần Tập đoàn Xây dựng Hòa Bình,HBC
Công ty Cổ phần Bất động sản Thế kỷ,CRE
Công ty Cổ phần xây dựng - địa ốc cao su ,RCD
Công ty Cổ phần Xây dựng số 3 Hải Phòng,HC3
Công ty Cổ phần Đầu tư Sản xuất Bảo Ngọc,BNA
Công ty Cổ phần Đầu tư Xây dựng và Công nghệ Tiến Trung,TTZ
Ngân hàng Thương mại cổ phần Tiên Phong,TPB
Công ty Cổ phần Du lịch Dầu khí Phương Đông,PDC
Công ty Cổ phần Dịch vụ Sonadezi ,SDV
Công ty Cổ phần Xây lắp Đường ống Bể chứa Dầu khí,PXT
Công ty cổ phần VIWACO,VAV
Công ty cổ phần Thủy điện Sử Pán 2,SP2
CÔNG TY CỔ PHẦN THƯƠNG MẠI DỊCH VỤ TNS HOLDINGS,TN1
Công ty cổ phần Cơ khí và thiết bị áp lực – VVMI,APL
Công ty Cổ phần Tập đoàn FLC,FLC
Công ty cổ phần Tập đoàn Thủy sản Minh Phú,MPC
Công ty Cổ phần Đầu tư dịch vụ và Phát triển Xanh,GIC
Công ty Cổ Phần VIMC LOGISTICS,VLG
CÔNG TY CỔ PHẦN TỔNG CÔNG TY TRUYỀN HÌNH CÁP VIỆT NAM,CAB
Công ty Cổ phần Thép Nam Kim,NKG
Công ty Cổ phần Gạch Men Chang Yih ,CYC
Công ty Cổ phần vận tải và tiếp vận Phương Đông Việt,PDV
Công ty Cổ phần Đầu tư Dệt may Vĩnh Phúc,G20
Công ty Cổ phần Mía đường Sơn La ,SLS
Công ty cổ phần tập đoàn TNT,TNT
Công ty Cổ phần Đầu tư và Phát triển TDT,TDT
Công ty Cổ phần Đại lý Hàng hải Việt Nam,VSA
Công ty Cổ phần Tổng Công ty Cổ phần Địa Ốc Sài Gòn,SGR
Công ty Cổ phần Môi trường và Dịch vụ Đô thị Bình Thuận,BMD
Công ty Cổ phần Cấp nước Nhơn Trạch,NTW
Công ty Cổ phần Dịch vụ Du lịch Phú Thọ,DSP
Công ty Cổ phần Bia Sài Gòn - Miền Tây,WSB
Công ty Cổ phần Đầu tư và Xây lắp Dầu khí Sài Gòn,PSG
Công ty Cổ phần tập đoàn MPT,MPT
Công ty cổ phần Hàng Tiêu Dùng Masan,MCH
Ngân hàng Thương mại Cổ phần Đông Nam Á,SSB
Công ty Cổ phần Tư vấn xây dựng điện 1,TV1
Công ty cổ phần Xăng dầu HFC,HFC
Công ty Cổ phần Đầu tư xây dựng và Phát triển đô thị Sông Đà,SDU
Công ty cổ phần Vật liệu và Xây dựng Bình Dương,MVC
Công ty Cổ phần Thép Nhà Bè - VNSTEEL,TNB
Công ty Cổ phần Thương mại Đầu tư SHB,SCC
Công ty Cổ phần Quốc tế Hoàng Gia,RIC
Công ty Cổ phần Xuân Mai - Đạo Tú,XMD
Công ty Cổ phần Chứng khoán Stanley Brothers,VUA
Tổng công ty Tư vấn thiết kế Giao thông vận tải -CTCP,TED
Công ty Cổ phần Công nghệ Tiên Phong,ITD
Công ty Cổ phần - Tổng công ty nước - Môi trường Bình Dương,BWE
Công ty Cổ phần Tập đoàn Đạt Phương,DPG
Tổng Công ty Vật liệu Xây dựng số 1 – Công ty cổ phần,FIC
Công ty Cổ phần Đầu tư PV2 ,PV2
Công ty Cổ phần Vinacafé Biên Hòa,VCF
Công ty Cổ phần Dịch vụ Kỹ thuật PTSC Thanh Hoá,PSN
Công ty Cổ phần Tập đoàn Nhôm Sông Hồng Shalumi,NSH
Công ty Cổ phần PVI,PVI
Công ty Cổ phần Đầu tư Thương mại Thủy sản ,ICF
Công ty cổ phần Đầu tư Hạ tầng Giao thông Đèo Cả,HHV
Công ty Cổ phần Thông tin Tín hiệu Đường sắt Sài Gòn,TSG
Công ty Cổ phần Sách và Thiết bị trường học Long An,LBE
Công ty Cổ phần Tập đoàn thép Tiến Lên,TLH
Công ty Cổ phần Đầu tư bất động sản Việt Nam,VNI
Công ty cổ phần Đường sắt Hà Lạng,HLR
Công ty Cổ phần Thủy điện Thác Bà,TBC
CÔNG TY CỔ PHẦN ĐẦU TƯ PHÁT TRIỂN THỰC PHẨM HỒNG HÀ,HSL
Công ty Cổ phần Xây dựng Phục Hưng Holdings,PHC
CTCP Xây dựng số 12,V12
Công ty cổ phần kinh doanh khí miền nam,PGS
Công ty Cổ phần Vận tải Xăng dầu VIPCO,VIP
Công ty Cổ phần Nhựa Tân Đại Hưng,TPC
Công ty cổ phần Phụ Gia Nhựa,PGN
Công ty Cổ phần cấp nước Sơn La,NSL
Công ty cổ phần Vận tải biển và Thương mại Phương Đông,NOS
Công ty Cổ phần Minh Hữu Liên,MHL
Công ty Cổ phần Khách sạn Sài Gòn,SGH
Công ty Cổ phần Thương mại Đầu tư Dầu khí Nam Sông Hậu,PSH
CTCP Tập đoàn Mgroup,MGR
Công ty Cổ phần Hóa - Dược phẩm Mekophar,MKP
Công ty Cổ phần Halcom Việt Nam,HID
Công ty Cổ phần Lương thực Thực phẩm SAFOCO,SAF
Công ty Cổ phần Xuất nhập khẩu thủy sản Bến Tre,ABT
Công ty Cổ phần Tập đoàn Dầu khí An Pha,ASP
Công ty Cổ phần Armephaco,AMP
Công ty Cổ phần Thế kỷ 21,C21
CÔNG TY CỔ PHẦN MAY MẶC BÌNH DƯƠNG,BDG
Công ty Cổ phần Tập đoàn Công nghệ CMC,CMG
Công ty cổ phần Merufa,MRF
Công ty Cổ phần Đầu tư phát triển nhà và đô thị Vinahud,VHD
Công ty cổ phần Thủy sản và Thương mại Thuận Phước,THP
Công ty Cổ phần Cao su Bến Thành ,BRC
Công ty cổ phần Công trình Đô thị Sóc Trăng,USD
Công ty cổ phần Tổng Công ty Công trình Đường sắt,RCC
Công ty Cổ phần Tư vấn xây dựng điện 4,TV4
Công ty cổ phần Cấp nước Thanh Hóa,THN
Công ty Cổ phần Xây dựng và Sản xuất vật liệu xây dựng Biên Hòa,VLB
Công ty Cổ phần Đông Hải Bến Tre ,DHC
Công ty cổ phần Đầu tư - Thương mại - Dịch vụ Điện lực,EIN
Công ty Cổ phần Tư vấn Đầu tư IDICO,INC
Công ty Cổ phần Thủy điện miền Nam ,SHP
Công ty Cổ phần HHP Global,HHP
Công ty Cổ phần Kho vận Tân Cảng,TCW
Tổng công ty Công nghiệp mỏ Việt Bắc TKV_CTCP,MVB
Công ty Cổ phần Đại lý giao nhận Vận tải xếp dỡ Tân Cảng ,TCL
Công ty Cổ phần Chế tạo Biến thế và Vật liệu điện Hà Nội,BTH
Tổng Công ty cổ phần Dệt May Nam Định,NDT
Tổng Công ty Thương Mại Hà Nội - Công ty cổ phần,HTM
Công ty Cổ phần Đầu tư và Xây dựng HUD1,HU1
Công ty Cổ phần Cơ khí lắp máy LILAMA,L35
Công ty cổ phần Cao su Sông Bé,SBR
Công ty Cổ phần Chiếu sáng công cộng Đà Nẵng,DLM
Công ty Cổ phần Thiết bị Bưu Điện,POT
Công ty Cổ phần Đại lý Vận tải SAFI,SFI
Công ty Cổ phần Tập đoàn Đầu tư Thăng long,TIG
Công ty Cổ phần Xây dựng số 1 ,VC1
Tổng Công ty Cổ phần Phong Phú,PPH
Công ty cổ phần Đầu tư CFM,CFM
Công ty Cổ phần Đầu tư Sài Gòn VRG,SIP
Công ty cổ phần Lai dắt và Vận tải Cảng Hải Phòng,TUG
Công ty Cổ phần Ống thép Việt Đức VG PIPE,VGS
Công ty cổ phần Du lịch và Tiếp thị Giao thông Vận tải Việt Nam - Vietravel,VTR
Tổng Công ty Cổ phần Xây dựng Công nghiệp Việt Nam,VVN
Công ty Cổ phần TASCO ,HUT
Công ty Cổ phần Chế tạo Bơm Hải Dương ,CTB
Công ty cổ phần Phục vụ Mặt đất Sài Gòn,SGN
Công ty Cổ phần cấp nước Cà Mau,CMW
Công ty Cổ phần Điện lực Khánh Hòa,KHP
Công ty Cổ phần Khai thác và Chế biến Khoáng sản Lào Cai ,LCM
CÔNG TY CỔ PHẦN DỊCH VỤ ĐÔ THỊ ĐÀ LẠT,DUS
Công ty Cổ phần Xuất nhập khẩu Thủy sản Sài Gòn,SSN
Công ty Cổ phần Đầu Tư và Phát Triển Công Nghiệp Bảo Thư,BII
Công ty cổ phần Chứng khoán Hải Phòng,HAC
Công ty Cổ phần Sông Đà 207,SDB
Công ty Cổ phần cơ khí - lắp máy Sông Đà,MEC
Công ty Cổ phần Đầu tư xây dựng và phát triển hạ tầng viễn thông,QCC
Công ty Cổ phần Điện Cơ,EME
Công ty Cổ phần Cấp nước và Môi trường đô thị Đồng Tháp,DWS
Công ty Cổ phần Nhựa Thiếu niên Tiền Phong ,NTP
Công ty cổ phần Vận tải và Dịch vụ hàng hóa Hà Nội,HHN
Công ty Cổ phần Vận tải và Dịch vụ Petrolimex Hải Phòng,PTS
Công ty cổ phần Tập đoàn Hóa chất Đức Giang,DGC
Công ty cổ phần Nước sạch Thái Bình,TBW
Công ty Cổ phần Chứng Khoán Bảo Minh,BMS
Công ty Cổ phần Tập đoàn Nhựa Đông Á,DAG
CÔNG TY CỔ PHẦN LIZEN,LCG
Công ty Cổ phần Thương mại Kiên Giang,KTC
Công ty Cổ Phần VIWASEEN3,VW3
Công ty Cổ phần Supe Phốt phát và Hóa chất Lâm Thao,LAS
Tập đoàn Dệt May Việt Nam,VGT
Công ty Cổ phần Phát triển đô thị Từ Liêm,NTL
Công ty Cổ phần Xây dựng và phát triển cơ sở hạ tầng,CID
Công ty Cổ phần Sông Đà 3,SD3
Công ty Cổ phần Bia Hà Nội - Hải Phòng,BHP
Công ty Cổ phần Tập đoàn ECI,ECI
Công ty cổ phần Cà phê Gia Lai,FGL
Công ty Cổ phần Kiên Hùng,KHS
Công ty cổ phần Vận tải Dầu khí Thái Bình Dương,PVP
Công ty Cổ phần Bánh kẹo Hải Hà,HHC
Công ty Cổ phần Chứng khoán Everest,EVS
Công ty cổ phần Xuất nhập khẩu Kiên Giang,KGM
Công ty cổ phần Cấp nước Sóc Trăng,STW
Công ty Cổ phần Dịch vụ hàng không sân bay Đà Nẵng ,MAS
Công ty cổ phần xây dựng số 5 Hà Nội,CH5
Công ty Cổ phần Sông Đà 7,SD7
Công ty cổ phần Bê tông Ly tâm Thủ Đức,BTD
Công ty Cổ phần Vận tải và Thương mại Đường Sắt,RAT
Công ty Cổ phần Hãng sơn Đông Á,HDA
Công ty cổ phần Tổng Công ty May Đáp Cầu,DCG
Công ty Cổ phần Vận tải xăng dầu VITACO,VTO
Công ty cổ phần Cơ khí đóng tàu thủy sản Việt Nam,FSO
Công ty Cổ phần thuốc sát trùng Việt Nam ,VPS
Công ty Cổ phần Dịch vụ Hàng hóa Sài Gòn,SCS
Công ty Cổ phần Vật liệu xây dựng và Chất đốt Đồng Nai,BMF
Công ty cổ phần Môi trường Đô thị Đông Anh,MDA
Công ty Cổ phần Bia Hà Nội - Nam Định,BBM
Công ty Cổ phần Bê tông ly tâm An Giang,ACE
Công ty Cổ phần Đầu tư và Phát triển Sao Mai Việt,UNI
Công ty cổ phần Vận Tải và đưa đón thợ mỏ - Vinacomin,VTM
Công ty Cổ phần Viglacera Hà Nội,VIH
Công ty Cổ phần Cao su Tây Ninh,TRC
Công ty Cổ phần Khoáng sản Viglacera,VIM
Công ty cổ phần Phát triển Đô thị Dầu khí,PXC
Công ty Cổ phần Công trình 6,CT6
Công ty cổ phần Đầu tư Du lịch và Phát triển Thuỷ sản,DAT
Công ty Cổ phần Tấm lợp Vật liệu Xây dựng Đồng Nai ,DCT
Công ty Cổ phần Chứng khoán Thành phố Hồ Chí Minh,HCM
Công ty Cổ phần Công viên nước Đầm Sen,DSN
Công ty Cổ phần Nông nghiệp BAF Việt Nam,BAF
Công ty Cổ phần Sơn Á Đông ,ADP
Công ty cổ phần Sản xuất và Công nghệ Nhựa Pha Lê,PLP
Công ty Cổ phần Dịch vụ Vận tải và Thương mại ,TJC
Công ty Cổ phần Tập đoàn Thiên Long,TLG
Tổng Công ty Phát triển Đô thị Kinh Bắc - CTCP,KBC
Công ty Cổ phần Xây lắp Dầu khí Thanh Hóa,PVH
Công ty Cổ phần Môi trường Đô thị tỉnh Lào Cai,MLC
Công ty Cổ phần Dược - Thiết bị y tế Đà Nẵng (DDN),DDN
Công ty Cổ phần Đầu tư và xây dựng VNECO 9 ,VE9
Công ty Cổ phần VICOSTONE,VCS
Công ty Cổ phần Đầu tư Xây dựng và Vật liệu Đồng Nai,DND
Công ty Cổ phần Vicem Bao bì Bỉm sơn,BPC
Công ty Cổ phần Kỹ thuật điện toàn cầu,GLT
Tổng công ty Việt Thắng - CTCP,TVT
Công ty Cổ phần Tổng Bách Hóa,TBH
Công ty cổ phần Cảng Thị Nại,TNP
Công ty Cổ phần Cơ giới và Xây lắp số 9,LG9
Công ty Cổ phần Xây dựng số 1 Hà Nội,HC1
Công ty Cổ phần Miền Đông,MDG
Công ty Cổ phần Công trình giao thông Vận tải Quảng Nam,QTC
Công ty Cổ phần Tập đoàn Quốc tế FBA,FBA
Công ty Cổ phần Phát triển Công trình Viễn thông,TEL
Công ty Cổ phân cao su Đắk Lắk,DRG
Công ty Cổ phần Đầu tư Châu Á - Thái Bình Dương,API
Công ty Cổ phần Vinaconex 25,VCC
Công ty Cổ phần Giám định Vinacomin,VQC
CTCP GKM Holdings,GKM
Công ty Cổ phần One Capital Hospitality,OCH
Công ty cổ phần Dược Medipharco,MTP
CÔNG TY CỔ PHẦN ĐẦU TƯ PHÁT TRIỂN MÁY VIỆT NAM,VVS
Công ty Cổ phần VICEM Thạch cao Xi măng,TXM
Công ty Cổ phần Quốc tế Sơn Hà,SHI
Công ty Tài chính Cổ phần Tín Việt,TIN
Công ty cổ phần Đầu tư Phát triển Bắc Minh,SBM
Công ty Cổ phần Phát triển nhà Khánh Hòa,PTN
Công ty cổ phần Công trình Đô thị Bến Tre,BTU
Công ty Cổ phần Phân lân nung chảy Văn Điển,VAF
Công ty cổ phần Camimex Group,CMX
Công ty Cổ phần Container Việt Nam,VSC
Công ty Cổ phần Xây dựng Thương mại và Khoáng sản Hoàng Phúc,HPM
Công ty Cổ phần Nhựa - Bao bì Vinh ,VBC
Công ty Cổ phần Cảng Cát Lái,CLL
Công ty Cổ phần Bao bì Biên Hòa,SVI
Công ty Cổ phần Cảng Dịch vụ Dầu khí Đình Vũ,PSP
Công ty cổ phần Tập đoàn An Phát Holdings,APH
Công ty Cổ phần Sứ Viglacera Thanh Trì,TVA
Công ty cổ phần Cấp thoát nước Gia Lai,GLW
Công ty Cổ phần 382 Đông Anh,DAC
Công ty Cổ phần Hòa Việt ,HJC
Công ty Cổ phần DS3,DS3
Công ty Cổ phần Chứng khoán FPT,FTS
Công ty Cổ phần Chế biến hàng xuất khẩu Long An,LAF
Công ty Cổ phần Vận tải và Dịch vụ Petrolimex Hà Tây,PTH
Công ty Cổ phần Tập đoàn Hà Đô,HDG
Công ty cổ phần Dịch vụ Giải trí Hà Nội,HES
Ngân hàng Thương mại Cổ phần Sài Gòn Thương Tín,STB
Công ty Cổ phần Xây dựng 47,C47
CÔNG TY CỔ PHẦN DƯỢC TRUNG ƯƠNG MEDIPLANTEX,MED
Công ty Cổ phần Khoáng sản FECON ,FCM
Công ty Cổ phần Đầu tư và Phát triển Đô thị Long Giang,LGL
Công ty Cổ phần Dịch vụ Môi trường và Công trình Đô thị Vũng Tàu,MTV
Công ty Cổ phần Lưới thép Bình Tây ,VDT
Công ty Cổ phần Bến bãi vận tải Sài Gòn,TPS
Công ty Cổ phần Bê tông Ly tâm Điện lực Khánh Hòa,KCE
Công ty cổ phần Sài Gòn Hỏa xa,SHX
Công ty Cổ phần Tập đoàn Green+,GPC
Công ty Cổ phần Camimex,CMM
Ngân hàng Thương mại Cổ phần Bưu điện Liên Việt,LPB
Công ty Cổ phần Tập đoàn PC1,PC1
Công ty Cổ phần Sông Đà 505,S55
Công ty Tài chính Cổ phần Điện lực,EVF
Công ty cổ phần Cấp nước Bạc Liêu,BLW
CTCP Cơ điện Dzĩ An,DZM
Công ty cổ phần CNC Capital Việt Nam,KSQ
Công ty Cổ phần văn hoá Phương Nam ,PNC
Công ty Cổ phần Điện tử Bình Hòa,VBH
Công ty Cổ phần Tập đoàn Xây dựng và thiết bị Công nghiệp,CEG
Công ty Cổ phần Cầu 12,C12
Công ty Cổ phần Sản xuất - Xuất nhập khẩu Dệt may,VTI
Công ty cổ phần Trục vớt cứu hộ Việt Nam,SAL
Công ty Cổ phần Điện lực Dầu khí Nhơn Trạch 2 ,NT2
Tổng công ty Cổ phần Bưu chính Viettel,VTP
Công ty Cổ phần VIMECO,VMC
Công ty Cổ phần Xây dựng sông Hồng ,ICG
Công ty cổ phần Sơn Tổng hợp Hà Nội,HSP
Công ty Cổ phần Tập đoàn Dược phẩm Atesco,ATS
Công ty Cổ phần Đầu tư và Phát triển Du lịch Vinaconex,VCR
Công ty Cổ phần Dược Lâm Đồng - Ladophar,LDP
Công ty cổ phần Đầu tư và Xây dựng Bình Dương ACC,ACC
Công ty Cổ phần Lilama 45.3,L43
Công ty Cổ phần Nam Việt,ANV
Tổng Công ty Xây dựng Số 1 – CTCP,CC1
Công ty Cổ phần Chiếu sáng công cộng Thành phố Hồ Chí Minh,CHS
Công ty Cổ phần EVN Quốc tế,EIC
Công ty Cổ phần Nước Giải khát Yến sào Khánh Hòa,SKV
Tổng công ty Điện lực TKV - CTCP,DTK
Công ty Cổ phần Dược phẩm Hà Tây ,DHT
Công ty Cổ phần Dược phẩm Agimexpharm,AGP
Công ty cổ phần Thành An 77,X77
CÔNG TY CỔ PHẦN KINH DOANH LPG VIỆT NAM,PVG
Công ty Cổ phần Dịch vụ Vận tải Sài Gòn,STS
Công ty Cổ phần Chứng khoán Phú Hưng,PHS
Công ty cổ phần Searefico,SRF
Công ty Cổ phần kim khí Hà Nội - VNSTEEL,HMG
Công ty cổ phần Sách Việt Nam,VNB
Công ty Cổ phần Vận tải và Thuê tàu biển Việt Nam,VST
Công ty Cổ phần Dịch vụ Một Thế Giới,ONW
Công ty Cổ phần ASA,ASA
Công ty Cổ phần Thương Mại Xuất Nhập Khẩu Thiên Nam,TNA
Tổng Công ty Cổ phần bảo hiểm bưu điện,PTI
Công ty Cổ phần Cấp nước Trung An,TAW
Công ty Cổ phần Thế giới Số,DGW
Tổng Công ty Lương thực Miền Nam – Công ty cổ phần,VSF
Công ty Cổ phần Xây dựng và Đầu tư 492,C92
CTCP Nhựa Picomat,PCH
Công ty cổ phần Cầu Đuống,CDG
Công ty Cổ phần Cơ khí Luyện kim ,SDK
Công ty cổ phần Xuân Hòa Việt Nam,XHC
Công ty Cổ phần Tập đoàn SARA ,SRB
Công ty Cổ phần Phân bón và Hóa chất dầu khí Tây Nam Bộ,PSW
Công ty cổ phần Chế tạo Điện cơ Hà Nội,HEM
Công ty Cổ phần Sơn Hải Phòng ,HPP
Công ty Cổ phần Tư vấn đầu tư PP Enterprise,PPE
Công ty Cổ phần Nông nghiệp Quốc tế Hoàng Anh Gia Lai,HNG
Công ty Cổ phần Đầu tư tài chính giáo dục,EFI
Công ty Cổ phần Sách và Thiết bị Bình Định ,BDB
Công ty Cổ phần Dược phẩm TW25,UPH
Công ty Cổ phần Điện nước lắp máy Hải Phòng,DNC
Công ty Cổ phần Môi trường đô thị Quảng Ngãi,MQN
Tổng công ty Đầu tư Nước và Môi trường Việt Nam - CTCP,VIW
Công ty Cổ phần chứng khoán Vietcap,VCI
Công ty cổ phần BOT Cầu Thái Hà,BOT
Công ty Cổ phần Tân Cảng - Phú Hữu,PNP
Công ty Cổ phần Thanh Hoa - Sông Đà,THS
Công ty Cổ phần Thiết kế - Xây dựng - Thương mại Phúc Thịnh,PTD
Công ty Cổ phần Kho vận miền Nam,STG
Công ty Cổ phần Vật liệu xây dựng Bưu Điện,PCM
Công ty Cổ phần Dịch vụ Dầu khí Quảng Ngãi PTSC,PQN
Công ty cổ phần Phụ tùng máy số 1,FT1
Công ty cổ phần Tập đoàn Quản lý Tài sản Trí Việt,TVC
Công ty cổ phần Thương mại - Đầu tư Long Biên,LBC
Công ty cổ phần Đầu tư phát triển nhà và đô thị HUD8,HD8
Công ty cổ phần Tư vấn Xây dựng Thủy Lợi II,HEC
Công ty cổ phần Mạ kẽm công nghiệp Vingal - Vnsteel,VGL
Công ty Cổ phần Đầu tư Văn Phú - Invest,VPI
Công ty Cổ phần Vận tải và Dịch vụ Petrolimex Sài Gòn ,PSC
Công ty Cổ phần VInaCap Kim Long,VTE
Công ty cổ phần Hàng không VIETJET,VJC
Công ty Cổ phần Cơ Khí 120,CK8
Công ty Cổ phần Môi trường Nam Định,MND
Công ty Cổ phần VNG,VNZ
Công ty cổ phần Cán thép Thái Trung,TTS
Công ty Cổ phần Đầu tư và Xây dựng Thủy lợi Lâm Đồng,LHC
Công ty cổ phần Cà Phê Ea Pốk,EPC
CÔNG TY CỔ PHẦN MÔI TRƯỜNG VÀ CÔNG TRÌNH ĐÔ THỊ TỈNH THÁI BÌNH,MTB
Công ty Cổ phần Bia Sài Gòn - Phú Thọ,BSP
Quỹ ETF DCVFMVN30,ETF
Công ty Cổ phần Chứng khoán Dầu khí,PSI
Công ty Cổ phần Hàng hải Đông Đô ,DDM
Công ty Cổ phần Phân bón và Hóa chất Dầu khí miền Bắc ,PMB
Công ty Cổ phần Thương mại Hóc Môn,HTC
Ngân hàng Thương mại Cổ phần Ngoại thương Việt Nam ,VCB
Công ty Cổ phần Dược phẩm OPC ,OPC
Công ty cổ phần Cấp thoát nước Khánh Hòa,KHW
Công ty Cổ phần Mía đường Lam Sơn,LSS
Công ty cổ phần Đầu tư EGO Việt Nam,HKT
Công ty Cổ phần Đầu tư TDG GLOBAL,TDG
Công ty cổ phần Máy - Thiết bị Dầu khí,PVM
Công ty Cổ phần Đầu tư và Xây dựng 40 ,L40
Công ty Cổ phần Điện Gia Lai,GEG
Công ty Cổ phần than Vàng Danh - Vinacomin ,TVD
Công ty cổ phần chứng khoán Nhất Việt,VFS
Công ty Cổ phần Bông Việt Nam ,BVN
Công ty Cổ phần Vải sợi May mặc miền Bắc ,TET
Công ty Cổ phần Giáo dục G Sài Gòn,SSF
Công ty cổ phần thương mại và khai thác khoáng sản Dương Hiếu,DHM
Công ty Cổ phần Xuất nhập khẩu Sa Giang,SGC
Công ty cổ phần Xây dựng bảo tàng Hồ Chí Minh,HMS
Công ty Cổ phần Bất động sản Điện lực Miền Trung,LEC
Công ty Cổ phần Bao bì Dầu khí Việt Nam,PBP
Công ty cổ phần vận tải đa phương thức VIETRANSTIMEX,VTX
Công ty Cổ phần Vĩnh Hoàn,VHC
Công ty cổ phần Garmex Sài Gòn,GMC
Công ty Cổ phần Cảng Cam Ranh ,CCR
Công ty Cổ phần Môi trường và Công trình đô thị Thanh Hóa,THU
Công ty cổ phần cấp nước Tân Hòa,THW
Công ty Cổ phần Đầu tư Phát triển Nhà Đà Nẵng,NDN
Công ty Cổ phần Cảng Nghệ Tĩnh,NAP
Công ty Cổ phần CMISTONE Việt Nam,CMI
Công ty cổ phần Đầu tư Khu công nghiệp Dầu khí Long Sơn,PXL
Công ty Cổ phần Bia Hà Nội - Thái Bình,BTB
Tổng Công ty Hàng không Việt Nam - CTCP,HVN
Công ty cổ phần Dịch vụ Xuất bản Giáo dục Hà Nội,EPH
Công ty Cổ phần Đầu tư xây dựng Long An IDICO ,LAI
Công ty cổ phần Chứng khoán Thành Công,TCI
Công ty cổ phần Sonadezi Long Bình,SZB
Công ty Cổ phần xuất nhập khẩu An Giang,AGM
Công ty Cổ phần Đầu tư Phát triển Xây dựng số 1,DC1
Công ty Cổ phần Gang thép Cao Bằng,CBI
Công ty cổ phần Lilama 45.1,L45
Công ty Cổ phần Du lịch &amp; Thương mại Bằng Giang Cao Bằng,BCV
Công ty Cổ phần Pin Ắc quy miền Nam,PAC
Công ty Cổ phần Sông Đà 27 ,S27
Công ty cổ phần Tổng công ty Tín Nghĩa,TID
Công ty cổ phần Phát triển công viên cây xanh và Đô thị Vũng Tàu,UPC
Công ty Cổ phần Khoáng Sản Luyện Kim Cao Bằng,KCB
Công ty Cổ phần Đầu tư và Sản xuất Petro Miền Trung,PMG
Công ty Cổ phần Vàng bạc đá quý Phú Nhuận,PNJ
Công ty cổ phần Xây dựng DIC Holdings,DC4
Công ty Cổ phần Vận tải và xếp dỡ Hải An ,HAH
Công ty cổ phần Vận tải và Chế biến Than Đông Bắc,VDB
Công ty cổ phần Tập đoàn REAL TECH,KSF
Công ty Cổ phần Xây dựng Bình Phước,BCO
Công ty cổ phần 715,BMN
Công ty Cổ phần Sữa Việt Nam,VNM
Công ty Cổ phần Thủy điện Bắc Hà,BHA
Công ty Cổ phần DẦU NHỜN PV OIL,PVO
Tổng công ty cảng hàng không Việt Nam - CTCP,ACV
Công ty Cổ phần Đầu tư và Phát triển giáo dục Hà Nội,EID
Tổng Công ty Xây dựng Hà Nội – CTCP,HAN
Công ty Cổ phần Cấp thoát nước số 1 Vĩnh Phúc,VPW
Công ty Cổ phần Xích Líp Đông Anh,DFC
Công ty Cổ phần Bê tông Biên Hòa ,BHC
Công ty cổ phần Xây dựng 1369,C69
Công ty cổ phần Cơ khí Xây dựng AMECC,AMS
Công ty Cổ phần cơ điện Uông Bí,UEM
Công ty Cổ phần Nhiên Liệu Sài Gòn ,SFC
Công ty Cổ phần thép Thủ Đức,TDS
Công ty cổ phần Cao su Công nghiệp,IRC
Công ty Cổ phần Tập đoàn Kỹ nghệ gỗ Trường Thành ,TTF
Công ty Cổ phần Phát triển Phụ gia và Sản phẩm dầu mỏ ,APP
Công ty Cổ phần cấp nước Phú Hòa Tân,PJS
Công ty Cổ phần Chăn nuôi - Mitraco,MLS
Công ty Cổ phần In số 4,IN4
Công Ty Cổ Phần Tân Phú Việt Nam,TPP
Công ty Cổ phần Tập đoàn HIPT ,HIG
Công ty Cổ phần Chế biến Thực phẩm Nông sản Xuất khẩu Nam Định,NDF
Công ty Cổ phần Đầu tư HVA,HVA
Công ty Cổ phần Đầu tư Xây dựng và Phát triển Trường Thành,TTA
Công ty cổ phần Khu công nghiệp Cao su Bình Long,MH3
Công ty Cổ phần Tập Đoàn C.E.O,CEO
CTCP Tư vấn và Đầu tư phát triển Quảng Nam,QNT
CÔNG TY CÔ PHẦN TẬP ĐOÀN TƯ VẤN ĐẦU TƯ XÂY DỰNG KIÊN GIANG,CKG
Công ty Cổ phần Công trình đô thị Nam Định,UMC
CTCP Cấp thoát nước - Công trình đô thị Hậu Giang,HGW
Công ty Cổ phần Du lịch Dịch vụ Hà Nội,TSJ
Công ty Cổ phần DAMAC GLS,KSH
Công ty Cổ phần Xây dựng điện VNECO 3 ,VE3
Công ty Cổ phần Tư vấn sông Đà,SDC
Công ty Cổ phần gạch ngói Nhị Hiệp ,NHC
Công ty cổ phần khu công nghiệp Hiệp Phước,HPI
Công ty Cổ phần Xi măng Phú Thọ,PTE
Công ty Cổ phần Cảng rau quả,VGP
Công ty Cổ phần Chứng khoán Trí Việt,TVB
Công ty cổ phần Cấp thoát nước Trà Vinh,TVW
Công ty Cổ phần Bất động sản Dầu khí,PWA
Công ty Cổ phần Vận chuyển Sài Gòn Tourist ,STT
Công ty Cổ phần Sách và Thiết bị trường học Đà Nẵng,BED
Công ty Cổ phần Đầu tư Nhãn hiệu Việt,ABR
Công ty Cổ phần Chứng khoán Tiên Phong,ORS
Công ty cổ phần Đầu tư Thương mại Xuất nhập khẩu Việt Phát,VPG
Công ty Cổ phần Tập đoàn Nagakawa,NAG
Công ty Cổ phần Công nghệ và Truyền thông Việt Nam,TTN
Công ty Cổ phần Xà phòng Hà Nội,XPH
Công ty Cổ phần Dược Đồng Nai ,DPP
Công ty Cổ phần Đầu tư và Xây dựng số 18,L18
Công ty Cổ phần Cấp nước Ninh Thuận,NNT
Công ty Cổ phần Sông Đà 4,SD4
Công ty Cổ phần Kinh doanh và Phát triển Bình Dương,TDC
Công ty cổ phần Bia + Rượu Sài Gòn - Đồng Xuân,BSD
Công ty cổ phần Chế biến Thủy sản Xuất khẩu Minh Hải,JOS
Công ty Cổ phần Đầu tư Phát triển Gas Đô thị,PCG
Công ty Cổ phần Ô tô TMT ,TMT
Công ty Cổ phần phát triển Sunshine Homes,SSH
Công ty Cổ phần Đầu Tư Xây Dựng Dầu Khí IDICO ,ICN
Công ty Cổ phần Kinh doanh Thủy hải sản Sài Gòn,APT
Công ty Cổ phần Đầu tư và Xây dựng HUD4,HU4
Công ty Cổ phần ViCem Vật liệu xây dựng Đà Nẵng,DXV
Công ty Cổ phần chứng khoán SSI,SSI
Tổng Công ty Cổ phần Điện tử và Tin học Việt Nam,VEC
Công ty Cổ phần Công nghiệp Cao su Miền Nam,CSM
CTCP Tập đoàn HSV Việt Nam,HSV
Công ty cổ phần Gạch ngói Đồng Nai,GND
Công ty cổ phần Nước giải khát Sanna Khánh Hòa,SKN
Công ty Cổ phần Môi trường Đô thị Hà Đông,MTH
Công ty Cổ phần thủy điện Đăk Đoa,HPD
Công ty Cổ phần Nông nghiệp Hùng Hậu,SJ1
Công ty Cổ phần Cao Su Đà Nẵng,DRC
Công ty Cổ phần Victory Capital,PTL
Công ty Cổ phần Lilama 69-3,L63
Công ty Cổ phần Xuất nhập khẩu và Xây dựng công trình ,TNM
Công ty cổ phần Hưng Thịnh Incons,HTN
Công ty Cổ phần FPT,FPT
Công ty Cổ phần đầu tư Thế giới di động,MWG
Tổng công ty cổ phần Tái bảo hiểm Hà Nội,PRE
Công ty Cổ phần Nước Giải khát Chương Dương (CDBECO),SCD
Công ty Cổ phần SADICO Cần Thơ,SDG
Công ty cổ phần Kim loại màu Thái Nguyên - Vimico,TMG
Công ty Cổ phần May Nam Định,NJC
Công ty Cổ phần Xây dựng và Thiết bị Công nghiệp CIE1,CE1
Công ty Cổ phần Địa ốc Chợ Lớn,RCL
Công ty Cổ phần BV Land,BVL
Tổng Công ty Đầu tư Phát triển Nhà và Đô thị Nam Hà Nội,NHA
Công ty Cổ phần Phát triển nhà Bà Rịa-Vũng Tàu,HDC
Công ty Cổ phần du lịch tỉnh Bà Rịa - Vũng Tàu,VTG
Tổng Công ty Cổ phần Vận tải dầu khí,PVT
Công ty Cổ phần Sông Đà 8,SD8
Công ty Cổ phần Liên Hợp Thực Phẩm,FCC
Công ty cổ phần Đầu tư Nhà đất Việt,PVL
Công ty Cổ phần Du lịch và Xuất nhập khẩu Lạng Sơn ,DXL
Công ty Cổ phần Khử trùng Việt Nam ,VFG
Công ty Cổ phần Y Dược phẩm Vimedimex ,VMD
Tổng Công ty Hóa dầu Petrolimex - CTCP,PLC
Công ty Cổ phần Môi trường Đô thị An Giang,AGE
NGÂN HÀNG THƯƠNG MẠI CỔ PHẦN THỊNH VƯỢNG VÀ PHÁT TRIỂN,PGB
CÔNG TY CỔ PHẦN ĐẦU TƯ KHAI KHOÁNG &amp; QUẢN LÝ TÀI SẢN FLC,GAB
Công ty Cổ phần Cao su Sao vàng,SRC
Công ty Cổ phần Chứng khoán Ngân hàng Công thương Việt Nam,CTS
Công ty cổ phần Phục vụ mai táng Hải Phòng,CPH
Công ty Cổ phần Vincom Retail,VRE
CTCP Đầu tư &amp; Xây dựng BDC Việt Nam,MCO
Công ty Cổ phần Đầu tư và Công nghiệp Tân Tạo ,ITA
Công ty Cổ phần Dịch vụ Hàng không Taseco,AST
Công ty Cổ phần Thủy sản Mekong,AAM
Công ty Cổ phần Dược phẩm Bến Tre,DBT
Công ty Cổ phần Hợp Nhất,AAH
Công ty Cổ phần Tư vấn - Thương mại - Dịch vụ Địa ốc Hoàng Quân,HQC
NGÂN HÀNG THƯƠNG MẠI CỔ PHẦN SÀI GÒN CÔNG THƯƠNG,SGB
Công ty cổ phần Thực phẩm Cholimex,CMF
Công ty Cổ phần Dược phẩm Phong Phú,PPP
Công ty Cổ phần Dịch vụ Công nghệ Tin học HPT ,HPT
Ngân hàng Thương mại cổ phần Bắc Á,BAB
Công ty Cổ phần Bóng đèn Phích nước Rạng Đông ,RAL
Công ty Cổ phần Than Cọc Sáu - VINACOMIN ,TC6
Công ty Cổ phần Đầu tư Xây dựng và Kỹ thuật 29,E29
Công ty Cổ phần Nước sạch Quảng Ninh,NQN
Công ty Cổ phần Kỹ thuật và Ô tô Trường Long,HTL
Công ty Cổ phần Bông Bạch Tuyết,BBT
Công ty Cổ phần Đầu tư và Thương mại Sông Đà,SIG
Công ty Cổ phần chứng khoán MB,MBS
Công ty Cổ phần Đô thị và Môi trường Đắk Lắk,UDL
Công ty Cổ phần Cấp nước Long Khánh,LKW
Công ty Cổ phần Khoáng sản và Cơ khí,MIM
Công ty Cổ phần Gỗ MDF VRG - Quảng Trị,MDF
Công ty Cổ phần CENCON Việt Nam,CEN
Ngân hàng Thương mại Cổ phần Công Thương Việt Nam,CTG
Tổng công ty May 10 - Công ty Cổ phần,M10
Công ty Cổ phần Sản xuất kinh doanh dược và Trang thiết bị y tế Việt Mỹ,AMV
Công ty cổ phần dược ENLIE,BCP
Công ty Cổ phần Hữu Liên Á Châu,HLA
Công ty Cổ phần Vitaly,VTA
Công ty Cổ phần In Hàng không ,IHK
Công ty Cổ phần Xi măng Vicem Hoàng Mai,HOM
Công ty Cổ phần Công nghệ Sài Gòn Viễn Đông,SVT
Công ty Cổ phần Sông Đà 6,SD6
Công ty Cổ phần Phát triển Hạ tầng Kỹ thuật,IJC
Công ty cổ phần đầu tư tài sản Koji,KPF
Công ty Cổ phần Kỹ nghệ khoáng sản Quảng Nam,MIC
Công ty Cổ phần MEINFA,MEF
Công ty Cổ phần Đầu tư và Thương mại TNG,TNG
CÔNG TY CỔ PHẦN QUỐC TẾ PHƯƠNG ANH,PAS
Công ty Cổ phần Xây dựng ALVICO,ALV
Tổng Công ty Công nghiệp dầu thực vật Việt Nam – CTCP,VOC
Công ty Cổ phần đầu tư cầu đường CII,LGC
Công ty Cổ Phần Đầu Tư BITCO Bình Định ,BTN
Công ty Cổ phần Cấp thoát nước và Xây dựng Bảo Lộc ,BWA
Công ty Cổ phần Licogi 14,L14
Công ty Cổ phần Tập đoàn Tiên Sơn Thanh Hóa,AAT
Công ty cổ phần Đầu tư và Dịch vụ Hạ tầng Xăng Dầu,PLA
Công ty Cổ phần Xi măng và Xây dựng Quảng Ninh,QNC
Công ty cổ phần VINAFREIGHT,VNF
Công ty cổ phần Phát triển năng lượng Sơn Hà,SHE
Công ty Cổ phần Tập đoàn Bia Sài Gòn Bình Tây,SBB
CÔNG TY CỔ PHẦN NĂNG LƯỢNG VÀ MÔI TRƯỜNG VICEM,VTV
Công ty cổ phần Trung Đô,TDF
Công ty Cổ phần Đầu tư và Phát triển điện miền Trung,SEB
Công ty Cổ phần Phát triển Đô thị - Becamex UDJ,UDJ
Công ty Cổ phần Địa chính Hà Nội,DCH
Công ty Cổ phần Xây dựng Coteccons,CTD
Công ty cổ phần Tôn Đông Á,GDA
Công ty Cổ phần Dệt may - Đầu tư - Thương mại Thành Công ,TCM
Công ty cổ phần RedstarCera,TRT
Công ty Cổ phần Xây lắp Thương mại 2,ACS
Công ty cổ phần Tập đoàn Đầu tư Địa ốc No Va,NVL
Công ty Cổ phần Gạch Ngói Gốm Xây dựng Mỹ Xuân,GMX
Công ty cổ phần Thủy điện Hủa Na,HNA
Công ty Cổ phần Sản xuất và Thương mại Nam Hoa,NHT
Ngân hàng Thương mại Cổ phần Quốc tế Việt Nam,VIB
Công ty Cổ phần Cơ điện Công trình,MES
Công ty Cổ phần Vinaceglass,CGV
Công ty Cổ phần Than Mông Dương - Vinacomin,MDC
Công ty Cổ phần Trường Phú ,TGP
Công ty Cổ phần Dịch vụ và Xây dựng Cấp nước Đồng Nai,DVW
Công ty Cổ phần Bao bì PP Bình Dương,HBD
CÔNG TY CỔ PHẦN DHC SUỐI ĐÔI,DSD
Công ty cổ phần Đầu tư và Công nghệ HVC,HVH
Công ty Cổ phần Địa ốc First Real,FIR
Công ty cổ phần Xuất nhập khẩu Thủy sản Cần Thơ,CCA
Công ty Cổ phần May Hữu Nghị,HNI
Công ty Cổ phần Nông dược H.A.I,HAI
Công ty Cổ phần Cấp thoát nước Phú Yên,PWS
Công ty Cổ phần Dịch vụ Hàng không Sân bay Nội Bài,NAS
Công ty Cổ phần Sức khoẻ Hồi sinh Việt Nam,NHV
Công ty Cổ phần Môi trường và Công trình Đô thị Nghệ An,NAU
Công ty Cổ phần Dược Trung Ương 3,TW3
Công ty cổ phần Thủy điện Định Bình,TDB
Công ty Cổ phần Vật tư Hậu Giang,HAM
Công ty Cổ phần Tập đoàn Kido,KDC
Công ty Cổ phần Vận tải biển Việt Nam ,VOS
Công ty Cổ phần Công nghệ Viễn thông VITECO,VIE
Công ty cổ phần Transimex Logistics,TOT
Công ty cổ phần Đầu tư Năng lượng Trường Thịnh,TTE
Công ty cổ phần Thuốc Thú y Trung Ương I,VNY
Công ty Cổ phần Tập đoàn Hoa Sen,HSG
Công ty Cổ phần Đầu tư và Xây lắp Contrexim số 8 ,CX8
TASECO LAND,TAL
Công ty Cổ phần Phát triển Bất động sản Phát Đạt ,PDR
Công ty Cổ phần Bia Hà Nội - Thanh Hóa,THB
Tổng công ty PISICO Bình Định - CTCP,PIS
Công ty Cổ phần Xây dựng Công nghiệp và Dân dụng Dầu khí,PXI
Công ty Cổ phần Dược thú y Cai Lậy ,MKV
CTCP Long Beach LMC,LMC
Công ty Cổ phần dược phẩm Imexpharm,IMP
Công ty Cổ phần Công nghệ ONE,ONE
Công ty Cổ phần Xi măng Yên Bình ,VCX
Tổng Công ty Cổ phần may Việt Tiến ,VGG
Công ty cổ phần B.C.H,BCA
Công ty Cổ phần Đầu tư PVR Hà Nội,PVR
Công ty Cổ phần Thuận Thảo ,GTT
Công ty Cổ phần Năng lượng và Bất động sản Trường Thành,TEG
Công ty Cổ phần Mirae ,KMR
Công ty Cổ phần Cảng Sài Gòn,SGP
Tổng Công ty Cổ phần Xuất nhập khẩu và xây dựng Việt Nam ,VCG
Công ty Cổ phần Đầu tư Xây dựng và Phát triển Đô thị Thăng Long,TLD
Công ty Cổ phần LILAMA 10,L10
Công ty Cổ phần Mĩ thuật và Truyền thông ,ADC
Công ty Cổ phần Môi trường đô thị Phú Yên,MPY
Công ty Cổ phần Tập đoàn Điện Quang,DQC
Ngân hàng Thương mại Cổ phần Kỹ Thương Việt Nam - Techcombank,TCB
Công ty Cổ phần Du lịch Quốc tế Vũng Tàu ,VIR
Công ty Cổ phần Bất động sản Sài Gòn VI NA,LSG
Công ty Cổ phần Quốc Cường Gia Lai ,QCG
Công ty Cổ phần Xuất nhập khẩu Tổng hợp I Việt Nam ,TH1
Công ty Cổ phần Xây dựng Cao su Đồng Nai,CDR
Công ty Cổ phần Chế biến thủy sản Xuất khẩu Ngô Quyền ,NGC
Công ty Cổ phần Thủy điện Hương Sơn,GSM
Công ty Cổ phần Than Núi Béo - Vinacomin ,NBC
Công ty Cổ phần An Tiến Industries,HII
Công ty Cổ phần Chứng khoán An Bình,ABW
Công ty cổ phần Thương mại và Sản xuất Lập Phương Thành,LPT
Công ty Cổ phần Sonadezi Long Thành,SZL
Công ty cổ phần X20,X20
Công ty Cổ phần An Thịnh,ATB
Công ty Cổ phần LILAMA 69-1,L61
Tổng công ty 36 - CTCP,G36
Công ty Cổ phần Logistic Cảng Đà Nẵng ,DNL
Công ty Cổ phần Gemadept ,GMD
Công ty Cổ phần Hestia,HSA
Công ty cổ phần Suất ăn hàng không Nội Bài,NCS
Công ty Cổ phần Dây và Cáp điện Taya Việt Nam ,TYA
Tổng Công ty Đầu tư và Phát triển Công nghiệp - CTCP,BCM
Công ty Cổ phần Quảng cáo và Hội chợ thương mại,VNX
Công ty cổ phần LICOGI Quảng Ngãi,LQN
Công ty cổ phần Nước sạch Quảng Trị,NQT
Công ty cổ phần Sản xuất và Thương mại Tùng Khánh,TKG
Công ty Cổ phần Xây dựng số 5_Vinaconex,VC5
Công ty Cổ phần Phân bón và Hóa chất Dầu khí Miền Trung,PCE
Công ty Cổ phần Sách Giáo dục tại Thành phố Hồ Chí Minh,SGD
Ngân hàng Thương mại Cổ phần Nam Á,NAB
Công ty Cổ phần MHC,MHC
Công ty Cổ phần Tư vấn thiết kế và phát triển đô thị,CDO
Tổng công ty xây dựng Thăng Long - Công ty cổ phần,TTL
Công ty cổ phần May Sông Hồng,MSH
Công ty Cổ phần Than Hà Lầm - Vinacomin,HLC
Công ty Cổ phần Vận tải 1 Traco,TR1
Công ty Cổ phần Cao su Phước Hòa ,PHR
Công ty Cổ phần Đầu tư Thương mại Bất động sản An Dương Thảo Điền,HAR
Công ty Cổ phần Bao bì PP,HPB
Công ty Cổ phần Thực phẩm Quốc Tế,IFS
Công ty Cổ phần Vận tải Dầu khí Đông Dương,PTT
Công ty Cổ phần đầu tư thương mại SMC ,SMC
Công ty Cổ phần phân bón Miền Nam,SFG
Công ty cổ phần Điện lực Gelex,GEE
Công ty Cổ phần Bia Sài Gòn - Miền Trung ,SMB
Công ty Cổ phần Tập đoàn đầu tư I.P.A,IPA
CTCP Cấp nước Kon Tum,KTW
Công ty cổ phần Sợi Phú Bài,SPB
Công ty Cổ phần Tập đoàn Dabaco Việt Nam,DBC
Công ty cổ phần Viễn thông Telvina Việt Nam,PMT
Công ty Cổ phần Kim khí Thành phố Hồ Chí Minh - VNSTEEL,HMC
Công ty Cổ phần vận tải biển Sài Gòn,SGS
Công ty Cổ phần Mía đường Cao Bằng,CBS
Tổng Công ty Thủy sản Việt Nam – Công ty cổ phần,SEA
Công ty Cổ phần VICEM Bao bì Bút Sơn,BBS
Công ty Cổ phần Cảng Hải Phòng,PHP
Công ty cổ phần Môi trường và Công trình đô thị Bắc Ninh,MBN
Công ty Cổ phần SAM HOLDINGS,SAM
Công ty Cổ phần Cấp nước Chợ Lớn ,CLW
Tổng Công ty Cổ phần Bảo Hiểm Quân Đội,MIG
Công ty Cổ phần Long Hậu ,LHG
Công ty Cổ phần Than Đèo Nai - VINACOMIN ,TDN
Công ty Cổ phần Đồ hộp Hạ Long,CAN
Tổng Công ty Cổ phần Xây dựng điện Việt Nam,VNE
Công Ty Cổ Phần Xi Măng Quán Triều VVMI,CQT
Công ty Cổ phần Siam Brothers Việt Nam,SBV
Công ty Cổ phần Đầu tư và Xây dựng Công nghiệp,ICI
Tổng Công ty Cổ phần tái bảo hiểm quốc gia Việt Nam,VNR
Công ty Cổ phần Hải Minh ,HMH
Ngân hàng Thương mại Cổ phần Sài Gòn - Hà Nội ,SHB
Công ty cổ phần Xe khách Sài Gòn,BSG
Công ty Cổ phần Phát triển nhà Thủ Đức,TDH
Công ty cổ phần Vận tải và dịch vụ Liên Ninh,BLN
Công ty Cổ phần Phát triển Đô thị Công nghiệp Số 2 ,D2D
Công ty Cổ phần Rượu và Nước giải khát Hà Nội,HNR
Công ty Cổ phần Đầu tư Dầu khí Sao Mai - Bến Đình,PSB
Ngân hàng Thương mại Cổ phần Á Châu,ACB
Công ty cổ phần Dược phẩm Trung ương Codupha,CDP
Công ty Cổ phần Xây lắp Phát triển Nhà Đà Nẵng,NDX
Công ty cổ phần PGT Holdings,PGT
Công ty Cổ phần Tập đoàn Cơ khí Công nghệ cao Siba,SBG
Công ty Cổ phần Ngoại thương và Phát triển Đầu tư Thành phố Hồ Chí Minh,FDC
Công ty cổ phần du lịch và thương mại - VINACOMIN,DLT
Công ty Cổ phần Cảng Đà Nẵng,CDN
Công ty cổ phần Bia Sài Gòn - Quảng Ngãi,BSQ
Công ty cổ phần Tập đoàn CMH Việt Nam,CMS
Công ty Cổ phần Nhiệt điện Quảng Ninh,QTP
Ngân hàng Thương mại Cổ phần Kiên Long,KLB
Công ty Cổ phần Dịch vụ biển Tân Cảng,TOS
Công ty Cổ phần Gang thép Thái Nguyên ,TIS
CÔNG TY CỔ PHẦN TẬP ĐOÀN BGI,VC7
Công ty Cổ phần Spiral Galaxy,SPI
Công ty Cổ phần xi măng La Hiên - VVMI,CLH
Công ty Cổ phần Sonadezi Giang Điền,SZG
Công ty Cổ phần Phân phối khí Thấp áp Dầu khí Việt Nam,PGD
Công ty Cổ phần Đầu tư Phát triển Thương mại Viễn Đông,VID
Công ty Cổ phần Sợi thế kỷ ,STK
Công ty cổ phần Vàng Lào Cai,GLC
Công ty Cổ phần Đầu tư Phát triển Công nghiệp và Vận tải,TCD
Công ty Cổ phần Chế biến và Xuất nhập khẩu Thủy sản Cadovimex ,CAD
Tổng Công ty Khí Việt Nam - CTCP,GAS
Công ty Cổ phần Đầu tư và Phát triển cảng Đình Vũ,DVP
Công ty cổ phần Sản xuất và kinh doanh Vật tư Thiết bị - VVMI,TB8
Công ty Cổ phần Traphaco ,TRA
Tổng Công ty Cổ phần Phân bón và Hóa chất dầu khí,DPM
Công ty Cổ phần Sông Ba,SBA
Công ty Cổ phần Đầu tư Đức Trung,DTI
Công ty Cổ phần DNP Holding,DNP
Công ty Cổ phần Procimex Việt Nam,PRO
Công ty Cổ phần SIVICO,SIV
Công ty Cổ phần Create Capital Việt Nam,CRC
Công ty cổ phần Tập đoàn Yeah1,YEG
Công ty cổ phần Lệ Ninh,LNC
Công ty Cổ phần Damsan,ADS
Công ty cổ phần Tập đoàn CIENCO4,C4G
Công ty Cổ phần Cơ khí và Xây lắp Công nghiệp ,IME
Tổng Công ty Chăn nuôi Việt Nam - CTCP,VLC
Công ty Cổ phần Thương mại và Dịch vụ Tiến Thành,TTH
Công ty cổ phần 32,A32
Tổng Công ty cổ phần Đầu tư Quốc tế Viettel,VGI
Công ty Cổ phần Thương mại và Vận tải Petrolimex Hà Nội,PJC
Công ty cổ phần Bệnh viện Tim Tâm Đức,TTD
Công ty cổ phần Đá Hoàng Mai,HMR
Công ty Cổ phần Giấy Việt Trì,GVT
Công ty Cổ phần Xuất nhập khẩu Thủy sản miền Trung ,SPD
Tổng Công ty Cổ phần Phát triển khu Công Nghiệp,SNZ
Công ty Cổ phần Xây lắp Thành An 96,TA9
Tổng Công ty Viglacera - CTCP,VGC
Công ty cổ phần Dược phẩm CPC1 Hà Nội,DTP
Công ty Cổ phần Cao su Hòa Bình,HRC
Công ty Cổ phần Hóa chất Hưng Phát Hà Bắc,HPH
Công ty cổ phần gốm xây dựng Yên Hưng,HLY
Ngân hàng Thương mại Cổ phần Việt Nam Thương Tín,VBB
Công ty Cổ phần Đầu tư Phát triển Thành Đạt,DTD
Công ty Cổ phần Tập đoàn Xây dựng SCG,SCG
Công ty Cổ phần Bia Sài Gòn - Sông Lam,BSL
Công ty Cổ phần Dịch vụ kỹ thuật Điện lực Dầu khí Việt Nam ,PPS
Công ty cổ phần Nước và Môi trường Việt Nam,VWS
Tổng Công ty Điện lực Dầu khí Việt Nam – Công ty cổ phần,POW
Công ty Cổ phần Bất động sản Du lịch Ninh Vân Bay,NVT
Công ty cổ phần que hàn điện Việt Đức,QHD
Công ty Cổ phần Dệt - May Huế ,HDM
Công ty Cổ phần Giày da và May mặc Xuất khẩu (LEGAMEX),LGM
Công ty Cổ phần Dịch vụ Kỹ thuật Viễn thông,TST
Công ty Cổ phần Bao bì Bia - Rượu - Nước giải khát,BAL
Tổng Công ty Xây dựng Thủy lợi 4 ,TL4
Công ty cổ phần Xuất nhập khẩu Than - Vinacomin,CLM
Công ty Cổ phần Đầu tư và Phát triển Năng lượng Việt Nam ,VPC
Công ty Cổ phần Thủy điện Nậm Mu ,HJS
Công ty cổ phần Địa chất mỏ - TKV,MGC
Công ty Cổ phần Rượu Hapro,HAV
Công ty cổ phần Thủy Đặc Sản,SPV
Công ty Cổ phần Đầu tư và Phát triển Đô thị Dầu khí Cửu Long,CCL
Tổng Công ty Tư vấn Xây dựng Việt Nam - CTCP,VGV
Công ty Cổ phần Công nghệ Viễn thông Sài Gòn,SGT
Công ty Cổ phần Đầu tư Kinh doanh điện lực Thành phố Hồ Chí Minh,HTE
Công ty Cổ phần Nhựa Tân Hóa,VKP
Công ty Cổ phần Cấp thoát nước Tuyên Quang,TQW
Công ty Cổ phần Dược phẩm Cửu Long ,DCL
Công ty cổ phần Harec Đầu tư và Thương Mại,HRB
Công ty cổ phần Đô thị Cần Thơ,UCT
Công ty Cổ phần Đầu tư Dịch vụ Tài chính Hoàng Huy,TCH
Công ty Cổ phần Tập đoàn CNT,CNT
Công ty Cổ phần than Hà Tu – Vinacomin,THT
Công ty cổ phần Dệt - May Nha Trang,NTT
Công ty Cổ phần Tư vấn Xây Dựng Petrolimex,PLE
Công ty Cổ phần G-AUTOMOBILE,GMA
Công ty Cổ phần Thương Nghiệp Cà Mau,CMV
Công ty Cổ phần Rau quả thực phẩm An Giang,ANT
Công ty Cổ phần Vận tải Sản Phẩm khí Quốc Tế,GSP
Tổng Công ty Dầu Việt Nam – Công ty cổ phần,OIL
Công ty Cổ phần Chương Dương,CDC
Công ty Cổ phần Kỹ nghệ Đô Thành ,DTT
Công ty cổ phần Đầu tư APAX HOLDINGS,IBC
Công ty cổ phần Dịch vụ Lắp đặt + Vận hành và Bảo dưỡng Công trình Dầu khí biển PTSC,POS
Công ty Cổ phần Simco Sông Đà ,SDA
Công ty Cổ phần Nhân lực và Thương mại Vinaconex ,VCM
Công ty Cổ phần Vận tải biển và Hợp tác lao động quốc tế,ISG
Công ty cổ phần Địa chất Việt Bắc - TKV,VBG
Công ty Dịch vụ Hàng không sân bay Tân Sơn Nhất,SAS
Công ty Cổ phần Hacisco,HAS
Công ty Cổ phần Bột mỳ Vinafood 1,BMV
Công ty cổ phần Cao su Tân Biên,RTB
Công ty cổ phần Thương mại Dầu khí,PTV
Công ty Cổ phần Đầu tư + Thương mại và Dịch vụ - Vinacomin,ITS
Công ty Cổ phần Xuất nhập khẩu Nông sản thực phẩm An Giang,AFX
CÔNG TY CỔ PHẦN ĐIỆN TỬ BIÊN HÒA,BEL
Tổng công ty cổ phần công trình Viettel,CTR
Công ty cổ phần 26,X26
Công ty Cổ phần Cấp nước Đồng Nai,DNW
Công ty Cổ phần Cáp treo Núi Bà Tây Ninh ,TCT
Công ty Cổ phần Đầu tư Sao Thăng Long,DST
CÔNG TY CỔ PHẦN TẬP ĐOÀN NAM MÊ KÔNG,VC3
Công ty cổ phần Môi trường Đô thị Đà Nẵng,DNE
Công ty Cổ phần nước khoáng Quảng Ninh,QHW
Công ty Cổ phần Đầu tư Phát triển Xây dựng Hội An,DIH
Công ty Cổ phần Xuất nhập khẩu Thủy sản Cửu Long An Giang,ACL
Công ty Cổ phần Lilama 7 ,LM7
Công ty Cổ phần Chứng khoán Hòa Bình,HBS
CÔNG TY CỔ PHẦN MINH KHANG CAPITAL TRADING PUBLIC,CTP
Công ty Cổ phần Khoáng Sản Và Xi Măng Cần Thơ ,CCM
Công ty Cổ phần Xi măng Bỉm Sơn,BCC
Công ty Cổ phần In Sách Giáo Khoa tại TP Hà Nội,TPH
Công ty Cổ phần In sách giáo khoa TP Hồ Chí Minh ,SAP
Công ty cổ phần Công trình Giao thông Sài Gòn,GTS
Công ty cổ phần Tư vấn Xây dựng công trình Hàng hải,TVH
Công ty cổ phần Cấp nước Phú Mỹ,PMW
Công ty cố phần tập đoàn đầu tư DIN Capital,PDB
Công ty cổ phần Dịch vụ kỹ thuật Mobifone,MFS
Công ty Cổ phần COMA18,CIG
Công ty Cổ phần Đầu tư Xây dựng và Khai thác Công trình Giao thông 584,NTB
Công ty Cổ phần Dầu khí Đầu tư Khai thác Cảng Phước An,PAP
Công ty Cổ phần Tổng Công ty Thương mại Quảng Trị,SEP
Công ty Cổ phần Tập đoàn đua FAT,DFF
Công ty cổ phần Xây dựng Công nghiệp,ICC
Công ty Cổ phần An Trường An,ATG
Công ty Cổ phần Môi trường và Phát triển đô thị Quảng Bình,MQB
Công ty cổ phần 397,BCB
Công ty Cổ phần Viettronics Tân Bình,VTB
Công ty cổ phần Phát hành sách thành phố Hồ Chí Minh - FAHASA,FHS
Công ty cổ phần thương mại Phú Nhuận,PNG
Công ty Cổ phần Kính Đáp Cầu,DSG
Tổng Công ty Cổ phần Bia - Rượu - Nước giải khát Hà Nội,BHN
Công ty Cổ phần Chứng khoán SmartInvest,AAS
Công ty Cổ phần Đầu tư và Phát triển Bất động sản HUDLAND,HLD
Công ty Cổ phần Phân phối Top One,TOP
Công ty Cổ phần Điện nhẹ Viễn thông,LTC
Công ty cổ phần Xuất nhập khẩu và đầu tư Chợ Lớn (Cholimex),CLX
Công ty Cổ phần Cấp thoát nước Long An,LAW
Công ty Cổ phần Container phía Nam ,VSG
Ngân hàng Thương mại Cổ phần Quân đội ,MBB
Ngân hàng Thương mại Cổ phần Phương Đông,OCB
Công ty Cổ phần Nafoods Group ,NAF
Công ty Cổ phần Đầu tư Phát triển Cường Thuận IDICO,CTI
CTCP Chứng khoán Goutai Junan (Việt Nam),IVS
Công ty Cổ phần Tập đoàn Thành Thái,KKC
Công ty Cổ phần Đầu tư và Phát triển giáo dục Phương Nam ,SED
Công ty Cổ phần City Auto,CTF
Công ty Cổ phần vận tải biển VINASHIP ,VNA
Công ty Cổ phần Thủy điện Vĩnh Sơn – Sông Hinh,VSH
Công ty Cổ phần Xây dựng Công trình ngầm ,CTN
CÔNG TY CỔ PHẦN ĐẦU TƯ LONG AN,TMS
Công ty Cổ phần Cấp nước Thừa Thiên Huế,HWS
Công ty cổ phần Nông Súc Sản Đồng Nai,NSS
Công ty Cổ phần Tập đoàn Gelex,GEX
Công ty Cổ phần Cấp nước Nghệ An,NAW
Công ty Cổ phần Tập đoàn Đại Dương ,OGC
Công ty Cổ phần Xây lắp Cơ khí và Lương thực Thực phẩm (Mecofood),MCF
Tổng Công ty Cổ phần Bảo Minh ,BMI
Công ty Cổ phần Xi măng Vicem Bút Sơn,BTS
Công ty Cổ phần Thực phẩm Bích Chi,BCF
Công ty Cổ phần Xây dựng số 5 ,SC5
Công ty Cổ phần Thuận Đức,TDP
Công ty Cổ phần Đầu tư xây dựng Lương Tài,LUT
Tổng công ty Thương mại Xuất nhập khẩu Thanh Lễ – CTCP,TLP
Công ty Cổ phần Dịch vụ Bến Thành,BSC
Công ty Cổ phần Sông Đà Cao Cường,SCL
Công ty Cổ phần Tổng công ty Chè Nghệ An,CNA
Công ty Cổ phần Du lịch Trường Sơn Coecco,TSD
Công ty cổ phần Nông nghiệp Công nghệ cao Trung An,TAR
Công ty Cổ phần Đầu tư Phát triển Hạ tầng IDICO,HTI
CTCP Đầu tư Việt Việt Nhật,VNH
Công ty cổ phần Cấp nước Hải Phòng,HPW
Công ty cổ phần Cà phê Thắng Lợi,CFV
CÔNG TY CỔ PHẦN DU LỊCH HƯƠNG GIANG,HGT
CTCP Chứng khoán SBS,SBS
Công ty Cổ phần Bến xe miền Tây,WCS
Tổng Công ty Cổ phần Dịch vụ Tổng hợp Dầu khí ,PET
Công ty Cổ phần Dược Hậu Giang,DHG
CÔNG TY CỔ PHẦN MASAN HIGH-TECH MATERIALS,MSR
Công ty Cổ phần Xây dựng số 9 ,VC9
Công ty Cổ phần Dầu thực vật Sài Gòn,SGO
Công ty Cổ phần Sản xuất Kinh doanh Xuất nhập khẩu Dịch vụ và Đầu tư Tân Bình ,TIX
Công ty Cổ phần Cà phê Phước An,CPA
Tổng Công ty Cổ phần Sông Hồng,SHG
Công ty Cổ phần Lương thực thực phẩm Colusa - Miliket,CMN
Công ty Cổ phần Group Bắc Việt,BVG
Công ty Cổ phần Xây dựng Công trình Giao thông Bến Tre,TBT
Công ty Cổ phần Vật liệu xây dựng Bến Tre,VXB
Công ty Cổ phần FECON,FCN
Công ty Cổ phần Tập đoàn Đức Long Gia Lai,DLG
Công ty Cổ phần Vật tư kỹ thuật nông nghiệp Cần Thơ,TSC
Công ty Cổ phần Du lịch - Thương mại Tây Ninh,TTT
Công ty Cổ phần Xuất nhập khẩu Quảng Bình,QBS
Công ty Cổ phần xây dựng điện VNECO 4 ,VE4
Công ty Cổ phần Du lịch Đắc Lắk,DLD
Công ty Cổ phần Tập đoàn MBG,MBG
Công ty Cổ phần Lương thực Bình Định,BLT
Công ty Cổ phần Đầu tư và Thương mại DIC ,DIC
Công ty Cổ phần Đầu tư Phát triển Công nghiệp Thương mại Củ Chi,CCI
Tổng Công ty Cổ phần Dệt May Hà Nội,HSM
Công ty Cổ phần Đầu tư Tổng hợp Hà Nội,SHN
Công ty Cổ phần nông nghiệp và thực phẩm Hà Nội - Kinh Bắc ,HKB
Công ty cổ phần Môi trường và Công trình đô thị Huế,HEP
Công ty cổ phần sản xuất và cung ứng vật liệu xây dựng Kom Tum,NXT
Công ty cổ phần Trung Tâm Hội Chợ Triển Lãm Việt Nam,VEF
Công ty cổ phần Petec Bình Định,GCB
Tổng công ty Đầu tư phát triển Xây dựng,DIG
Công ty Cổ phần Công trình Công cộng Vĩnh Long,VLP
Công ty Cổ phần Ô tô Giải Phóng,GGG
Công ty Cổ phần Masan MEATLife,MML
Công ty Cổ phần Xi măng và Khoáng sản Yên Bái ,YBC
Công ty Cổ phần phòng cháy chữa cháy và đầu tư xây dựng Sông Đà,SDX
Tổng Công ty Cổ phần Bảo Hiểm Bảo Long,BLI
Tổng Công ty Cổ phần Bảo Hiểm Ngân hàng Đầu tư và Phát triển Việt Nam ,BIC
Công ty Cổ phần Phân đạm và Hóa chất Hà Bắc,DHB
Công ty cổ phần Phốt pho Apatit Việt Nam,PAT
Công ty Cổ phần Tứ Hải Hà Nam,THM
Công ty Cổ phần Đầu tư Phát triển Sài Gòn CO.OP,SID
Công ty Cổ phần Tư vấn xây dựng điện 3,TV3
Công ty Cổ phần Vận tải Xăng dầu Đồng Tháp ,DOP
Công ty Cổ phần Đầu tư phát triển Nhà và Đô thị IDICO ,UIC
Công ty cổ phần K.I.P Việt Nam,KIP
Công ty cổ phần Đầu tư Thương mại và Dịch vụ Quốc tế,ILS
Công ty Cổ phần Tư vấn Xây dựng Vinaconex,VCT
Công ty Cổ phần 22,C22
Công ty Cổ phần Kỹ thuật Xây dựng Phú Nhuận,PNT
Công ty Cổ phần Thủy sản Cà Mau,CAT
Tập đoàn Công nghiệp Cao su Việt Nam - Công ty cổ phần,GVR
Công ty Cổ phần Cao su Bà Rịa,BRR
Công ty cổ phần Vietourist Holdings,VTD
Công ty cổ phần đầu tư và khoáng sản FLC Stone,AMD
Công ty cổ phần Lương thực thành phố Hồ Chí Minh,FCS
Tổng Công ty Sông Đà - CTCP,SJG
Công ty Cổ phần Hợp tác lao động với nước ngoài,ILC
Công ty Cổ phần xi măng Vicem Hải Vân ,HVX
Công ty cổ phần Bia Hà Nội - Kim Bài,BHK
Công ty cổ phần khoáng sản Miền Đông AHP,BMJ
Công ty cổ phần Dệt may 29/3,HCB
CTCP Xây dựng và Năng lượng VCP,VCP
Công ty cổ phần Công trình Cầu phà Thành phố Hồ Chí Minh,HFB
Công ty Cổ phần Khảo sát và Xây dựng - USCO,USC
Công ty Cổ phần 482,B82
CTCP Chứng khoán Đầu tư Tài chính Việt Nam,VIG
Công ty Cổ phần Chứng khoán BIDV,BSI
Tổng công ty May Hưng Yên - Công ty Cổ phần,HUG
Công ty Cổ phần Thương mại - Dịch vụ - Vận tải xi măng Hải Phòng,HCT
Công ty Cổ phần Cấp nước Đà Nẵng,DNN
Công ty Cổ phần Licogi 166 ,LCS
Công ty Cổ phần Địa ốc Sài Gòn Thương Tín,SCR
Công ty Cổ phần dược liệu Việt Nam,DVM
Công ty Cổ phần Đầu tư Phát triển Đô thị và Khu công nghiệp Sông Đà,SJS
Công ty Cổ phần In và Bao bì Mỹ Châu,MCP
Công ty Cổ phần Thương mại và Dịch vụ dầu khí Vũng Tàu,VMG
Công ty cổ phần Lắp máy - Thí nghiệm cơ điện,LCD
Ngân hàng Thương mại Cổ phần Phát triển Thành phố Hồ Chí Minh,HDB
Công ty Cổ phần Sản xuất và Thương mại Nhựa Việt Thành,VTZ
Công ty Cổ phần Dược phẩm Trung ương 3,DP3
Công ty cổ phần Đầu tư Xây dựng Dân dụng Hà Nội,XDH
Công ty cổ phần Xây lắp và Vật liệu xây dựng Đồng Tháp,BDT
Công ty cổ phần Công nghệ Sao Bắc Đẩu,SBD
Công ty cổ phần Dịch vụ Đường cao tốc Việt Nam,VSE
Công ty Cổ phần Dệt lưới Sài Gòn ,SFN
Công ty Cổ phần Tập đoàn Danh Khôi,NRC
Công ty cổ phần Vận tải khí và Hóa chất Việt Nam,PCT
Tổng Công ty Cổ phần Y tế Danameco ,DNM
Công ty Cổ phần Địa ốc 11,D11
Công ty Cổ phần Công trình giao thông Đồng Nai,DGT
Công ty cổ phần Nước Thủ Dầu Một,TDM
Công ty Cổ phần Đầu tư Cảng Cái Lân,CPI
Công ty Cổ phần Dịch vụ Đô thị Bà Rịa,BRS
Công ty Cổ phần Việt An,AVF
Công ty cổ phần Thủy điện Sông Vàng,SVH
Công ty cổ phần Gạch Men Cosevco,DCR
Công ty Cổ phần văn hoá Tân Bình ,ALT
Công ty Cổ phần Dịch vụ Viễn thông và In bưu điện,PTP
Công ty Cổ phần Cảng Cần Thơ,CCT
Công ty Cổ phần Dược phẩm Hà Nội,DHN
Công ty Cổ phần Đầu tư và Xây lắp Sông Đà,SDD
Công ty cổ phần Thủy điện Nước trong,NTH
CTCP Xi măng Sông Đà Yaly,SDY
Công ty Cổ phần Lilama 18,LM8
Công ty cổ phần Logistics Vicem,HTV
Công ty Cổ phần Tập đoàn Bamboo Capital,BCG
Công ty Cổ phần Sông Đà 5,SD5
Công ty Cổ phần Vinatex Đà Nẵng,VDN
Công ty Cổ phần Sản Xuất Kinh Doanh Xuất Nhập Khẩu Bình Thạnh,GIL
Công ty Cổ phần Lâm nông sản thực phẩm Yên Bái,CAP
Ngân hàng Thương mại Cổ phần Đầu tư và Phát triển Việt Nam ,BID
Công ty cổ phần Thực phẩm G.C,GCF
Tập đoàn Bảo Việt ,BVH
Công ty cổ phần xi măng VICEM Hà Tiên,HT1
Công ty Cổ phần nhựa Đà Nẵng,DPC
Công ty Cổ phần Chế tạo kết cấu thép VNECO.SSM,SSM
Tổng công ty May Nhà Bè - Công ty cổ phần,MNB
Công ty Cổ phần Thiết bị xăng dầu Petrolimex,PEQ
Công ty Cổ phần Chứng Khoán Kiến Thiết Việt Nam,CSI
Công ty Cổ phần Xuất nhập khẩu Thủy sản Năm Căn,SNC
Công ty Cổ phần Địa ốc Đà Lạt ,DLR
Công ty cổ phần Môi trường Đô thị Quảng Nam,QNU
Công ty Cổ phần Dịch vụ Bất động sản Đất Xanh,DXS
Công ty Cổ phần Cảng An Giang,CAG
Công ty Cổ phần COKYVINA ,CKV
Công ty Cổ phần Tô Châu,TCJ
Công ty Cổ phần Đầu tư Phát triển Sóc Sơn,DPS
Công ty Cổ phần Thương mại - Dịch vụ Bến Thành,BTT
Công ty Cổ phần CMC,CVT
Công ty cổ phần Cấp nước Vĩnh Long,VLW
Công ty Cổ phần Viglacera Đông Triều,DTC
Công ty Cổ phần Phát triển Hàng hải,VMS
Công ty Cổ phần Thực phẩm Hữu Nghị ,HNF
Công ty Cổ phần Ngân Sơn ,NST
Công ty cổ phần Viễn thông - Tin học Bưu điện,ICT
Công ty cổ phần Vật tư nông nghiệp Đồng Nai,DOC
CÔNG TY CỔ PHẦN TẬP ĐOÀN ĐẦU TƯ KTT,KTT
Công ty Cổ phần Đầu tư và Phát triển điện miền Bắc 2,ND2
Công ty Cổ phần Xây dựng điện VNECO 1 ,VE1
Công ty cổ phần Phú Tài,PTB
Công ty Cổ phần Cảng Chân Mây,CMP
Công ty Cổ phần Tập đoàn Đại Châu,DCS
Công ty Cổ phần Dược phẩm dược liệu Pharmedic ,PMC
Công ty Cổ phần Thể thao Ngôi sao Geru,GER
Công ty Cổ phần Thủy sản Bạc Liêu,BLF
CÔNG TY CỔ PHẦN HTC HOLDING,CET
Công ty Cổ phần Sơn Hà Sài Gòn,SHA
Công ty Cổ phần TIE,TIE
Công ty Cổ phần Bia và Nước giải khát Hạ Long,HLB
Tổng công ty Cơ khí xây dựng - CTCP,TCK
Công ty cổ phần SCI E&amp;C,SCI
Công ty Cổ phần Đầu tư và Phát triển giáo dục Đà Nẵng ,DAD
Công ty cổ phần chứng khoán DSC,DSC
Công ty Cổ phần Thép Mê Lin,MEL
Công ty cổ phần Lâm đặc sản Xuất khẩu Quảng Nam,FRC
Công ty Cổ phần Xây dựng và Kinh doanh địa ốc Tân Kỷ,TKC
Tổng Công ty Cổ phần Dệt may Hòa Thọ,HTG
Công ty Cổ phần Xây dựng HUD101,H11
Công ty cổ phần Xây lắp và Dịch vụ Sông Đà,XLV
Công ty Cổ phần Viglacera Thăng Long,TLT
Công ty Cổ phần Vang Thăng Long,VTL
Công ty Cổ phần Thủy điện Sê San 4A,S4A
Công ty Cổ phần Dịch vụ Ô tô Hàng Xanh,HAX
Công ty Cổ phần Phân lân Ninh Bình ,NFC
Công ty Cổ phần Cơ khí Xăng dầu,PMS
Công ty Cổ phần kim khí Thăng Long ,KTL
Công ty Cổ phần vật tư Bưu điện,PMJ
Công ty Cổ phần Xây lắp Môi trường,VCE
Công ty Cổ phần Môi trường và Công trình Đô thị Đông Hà,MCD
Công ty Cổ phần Công nghiệp - Thương mại Hữu Nghị,FTI
Công ty Cổ phần Tập đoàn Sao Mai ,ASM
Tổng Công ty LICOGI - CTCP,LIC
Tổng công ty Hóa chất và Dịch vụ Dầu khí - CTCP (PVChem),PVC
Công ty Cổ phần Sông Đà 9,SD9
CTCP Xi Măng Sông Lam 2,PX1
Công ty Cổ phần thủy điện SROK Phu Miêng IDICO,ISH
Công ty Cổ phần Phân Bón Dầu khí Cà Mau,DCM
Công ty cổ phần Helio Energy,HIO
Công ty Cổ phần Tư vấn Xây dựng điện 2,TV2
Công ty Cổ phần Đầu tư và Xây dựng Tiền Giang ,THG
Công ty Cổ phần Vinaconex 39,PVV
Công ty Cổ phần Cao su Thống Nhất,TNC
Công ty Cổ phần sản xuất xuất nhập khẩu INOX Kim vĩ,KVC
Công ty Cổ phần Dược Hà Tĩnh,HDP
Công ty Cổ phần Vạn Phát Hưng ,VPH
Công ty Cổ phần Xuất nhập khẩu Petrolimex,PIT
Công ty Cổ phần Tổng Công ty Xây lắp Dầu khí Nghệ An,PVA
Công ty Cổ phần Thép Tấm Lá Thống Nhất,TNS
Công ty Cổ phần Đầu tư Điện lực 3,PIC
Công ty Cổ phần Đầu tư và Phát triển Nhà đất Cotec ,CLG
Ngân hàng Thương mại Cổ phần Việt Nam Thịnh Vượng,VPB
Tổng Công ty Hàng hải Việt Nam – Công ty cổ phần,MVN
CTCP Đầu tư và phát triển bất động sản An Gia,AGG
Công ty Cổ phần VKC Holdings,VKC
Công ty cổ phần Môi trường Đô thị Nha Trang,NUE
Công ty Cổ phần viễn thông VTC,VTC
Công ty Cổ phần Xây dựng Điện Vneco 8 ,VE8
CÔNG TY CỔ PHẦN ĐƯỢC VẬT TƯ Y TẾ THANH HÓA,DTH
Ngân hàng Thương mại Cổ phần Hàng Hải Việt Nam,MSB
Công ty Cổ phần Vật Tư - Xăng Dầu,COM
Công ty Cổ phần ICD Tân Cảng - Long Bình,ILB
Công ty cổ phần Cấp thoát nước và Xây dựng Quảng Ngãi,QNW
Công ty Cổ phần Sông Đà 7.04,S74
Công ty Cổ Phần Thiết Bị Phụ Tùng Cơ điện,EMG
Công ty Cổ phần chế biến gỗ Thuận An,GTA
Công ty cổ phần khai thác và chế biến khoáng sản Hải Dương,KHD
Công ty Cổ phần Bảo vệ thực vật Sài Gòn,SPC
Công ty Cổ phần Nước sạch Thái Nguyên,TNW
Công ty cổ phần Tư vấn Xây dựng Công nghiệp và Đô thị Việt Nam,CCV
Công ty Cổ phần Thủy Điện Buôn Đôn,BSA
Công ty Cổ phần Khoáng sản Na Rì Hamico,KSS
Công ty Cổ phần Đầu tư và Phát triển Công nghệ Văn Lang,VLA
Công ty cổ phần Xuất nhập khẩu Lương thực - Thực phẩm Hà Nội,FHN
Công ty Cổ phần Thương mại Bia Hà Nội ,HAT
Ngân hàng Thương mại Cổ phần Quốc Dân ,NVB
Công ty Cổ phần S.P.M ,SPM
Công ty Cổ phần Lâm nghiệp Sài Gòn,FRM
Tổng công ty Lâm nghiệp Việt Nam - Công ty cổ phần,VIF
Công ty Cổ phần Chứng khoán APG,APG
Công ty Cổ phần Dược Vật tư Y tế Hải Dương,DHD
Công ty Cổ phần Tư vấn đầu tư và Xây dựng giao thông vận tải,TVG
CÔNG TY CỔ PHẦN THAIHOLDINGS,THD
CTCP Xi măng Hồng Phong,LCC
Ngân hàng Thương mại Cổ phần Xuất nhập khẩu Việt Nam,EIB
Công ty Cổ phần Kho vận và Dịch vụ thương mại,VXT
Công ty Cổ phần Xây dựng và Thiết kế Số 1,DCF
Công ty Cổ phần Cấp nước Đắk Lắk,DWC
Công ty cổ phần tập đoàn Alpha Seven,DL1
Công ty cổ phần Hơi Kĩ Nghệ Que Hàn,SVG
Công ty Cổ phần Cung ứng và Dịch vụ kỹ thuật hàng hải ,MAC
Công ty Cổ phần Xây dựng và Giao thông Bình Dương,BCE
Công ty Cổ phần Bệnh viện Quốc tế Thái Nguyên,TNH
Công ty Cổ phần Nhà và Thương mại Dầu khí,PBT
Công ty Cổ phần Cơ khí Phổ Yên,FBC
Công ty Cổ phần nhựa Bình Minh,BMP
Công ty Cổ phần Sách và Thiết bị trường học TP Hồ Chí Minh ,STC
Công ty cổ phần đầu tư MST,MST
Công ty Cổ phần Đầu tư và Xây dựng điện Mê Ca Vneco,VES
Công ty cổ phần Cảng Quảng Ninh,CQN
Ngân hàng Thương mại Cổ phần An Bình,ABB
Công ty Cổ phần Xây dựng và Phát triển đô thị Bà Rịa - Vũng Tàu,UDC
Công ty Cổ phần Xây dựng Điện VNECO 2 ,VE2
Công ty cổ phần Đầu tư và Phát triển Điện Tây Bắc,NED
Công ty Cổ phần Kho vận Petec,PLO
Công ty Cổ phần tập đoàn 911,NO1
Công ty Cổ phần Dịch vụ Phân phối Tổng hợp Dầu khí ,PSD
Công ty Cổ phần Kinh doanh Nước sạch Hải Dương,HDW
Công ty Cổ phần Sách - Thiết bị Bình Thuận ,BST
Công ty cổ phần Môi trường Sonadezi,SZE
Công ty Cổ phần Công trình Giao thông Hà Nội,GH3
Công ty Cổ phần Thương mại Đầu tư xây lắp điện Thịnh Vượng,TV6
Công ty cổ phần Vắc Xin và Sinh phẩm Nha Trang,BIO
Công ty Cổ phần Giao nhận Vận tải Ngoại thương,VNT
Công ty Cổ phần Sông Đà 25 ,SDJ
Tập đoàn Xăng dầu Việt Nam,PLX
Công ty Cổ phần Cảng Quy Nhơn,QNP
Công ty cổ phần Cấp nước Trà Nóc - Ô Môn,TOW
Công ty Cổ phần Xuất nhập khẩu Y tế Domesco,DMC
Công ty Cổ phần Gạch men Thanh Thanh,TTC
Công ty Cổ phần Thương mại Hà Tây,HTT
Tổng Công ty Cổ phần Khoan và Dịch vụ khoan dầu khí,PVD
Công ty Cổ phần Xi măng Thái Bình,TBX
Công ty Cổ phần Vận tải Newway,NWT
Tổng Công ty Thiết bị điện Đông Anh,TBD
Công ty Cổ phần Tư vấn Xây dựng Tổng hợp,NAC
Công ty Cổ phần Thủy Điện - Điện lực 3,DRL
Công ty cổ phần Trường Sơn 532,TS3
Công ty Cổ phần Gạch ngói Từ Sơn,VTS
Công ty Cổ phần Sơn Đồng Nai,SDN
Công ty Cổ phần Cao su Đồng Phú,DPR
Công ty cổ phần Bán lẻ Kỹ thuật số FPT,FRT
Công ty Cổ phần Dịch vụ Sân bay Quốc tế Cam Ranh,CIA
Công ty Cổ phần Thương mại Xuất nhập khẩu Thủ Đức,TMC
Công ty cổ phần Than Cao Sơn - TKV,CST
Tổng Công ty Gas Petrolimex - CTCP,PGC
Công ty Cổ phần Gạch Ngói Cao Cấp,MCC
Công ty cổ phần cấp thoát nước Bến Tre,NBT
Công ty Cổ phần Đầu tư và Xây dựng HUD3,HU3
Công ty Cổ phần Đầu tư Phát triển Nhà và Đô thị HUD6,HU6
Công ty Cổ phần Vicem Bao bì Hải Phòng,BXH
Công ty cổ phần Vận tải Đường sắt Hà Nội,HRT
Công ty Cổ phần Chiếu xạ An Phú,APC
Công ty Cổ phần đầu tư và phát triển doanh nghiệp Việt Nam ,FID
Công ty Cổ phần Tập đoàn Masan,MSN
Công ty cổ phần Đầu tư Phát triển Sài Gòn 3 Group,SGI
Công ty cổ phần Nước sạch Vĩnh Phúc,NVP
Công ty Cổ phần Nhiệt điện Hải Phòng,HND
Công ty Cổ phần Xi măng Sài Sơn,SCJ
Công ty cổ phần Dược phẩm 2/9,NDP
CÔNG TY CỔ PHẦN THUỐC THÚ Y TRUNG ƯƠNG VETVACO,VXP
Công ty Cổ phần Tập đoàn Lộc Trời,LTG
Công ty cổ phần Khoáng sản công nghiệp Yên Bái,YBM
Công ty Cổ phần Gỗ An Cường,ACG
Công ty Cổ phần bao bì Tiền Giang,BTG
Công ty Cổ phần Vận tải và Thuê tàu,VFR
Công ty Cổ phần CNG Việt Nam,CNG
Công ty cổ phần Cấp thoát nước Lâm Đồng,LDW
Công ty cổ phần Việt Nam Kỹ Nghệ Súc Sản,VSN
Công ty Cổ phần Big Invest Group,BIG
Công ty Cổ phần Dịch vụ - Xây dựng Công trình Bưu điện,PTO
Công ty Cổ phần Sách và Thiết bị trường học Quảng Ninh,QST
Tổng công ty Thép Việt Nam - CTCP,TVN
Công ty cổ phần Minh Hưng Quảng Trị,GMH
Công ty cổ phần Licogi 12,L12
Công ty Cổ phần Đầu tư và Phát triển Đa Quốc Gia (IDI),IDI
Công ty cổ phần Trang,TFC
Công ty Cổ phần Clever Group,ADG
Công ty Cổ phần Dịch vụ Môi trường Đô thị Từ Liêm,MTL
Công ty Cổ phần Vicem Thương mại xi măng ,TMX
Công ty Cổ phần Bột giặt Lix,LIX
Công ty Cổ phần Kết cấu Kim loại và Lắp máy Dầu khí,PXS
Công ty Cổ phần Chứng khoán Agribank,AGR
Công ty cổ phần CIC39,C32
Công ty Cổ phần dây cáp điện Việt Nam ,CAV
Công ty cổ phần Hóa phẩm Dầu khí DMC - Miền Bắc,PCN
Công ty Cổ phần Điện nước An Giang,DNA
Công ty cổ phần Đầu tư DNA,KSD
Công ty Cổ phần Lilama 45.4,L44
Công ty Cổ phần Hợp tác kinh tế và Xuất nhập khẩu SAVIMEX,SAV
Công ty cổ phần Đầu tư IDJ Việt Nam,IDJ
Công ty Cổ phần cơ khí Mạo Khê - Vinacomin ,CMK
Công ty Cổ phần Vận tải Hóa dầu VP,VPA
Công ty Cổ phần Tàu cao tốc Superdong – Kiên Giang ,SKG
Công ty Cổ phần Sametel,SMT
Công ty Cổ phần Tập đoàn khoáng sản Á Cường,ACM
Công ty Cổ phần Nước giải khát Sanest Khánh Hòa,SKH
Công ty Cổ phần Phân bón Bình Điền ,BFC
Tổng Công ty Máy và Thiết bị Công nghiệp - CTCP,MIE
Tổng công ty Dược Việt Nam - CTCP,DVN
Tổng Công ty Cổ phần Xây lắp Dầu khí Việt Nam,PVX
Công ty Cổ phần Đầu tư - Xây dựng Hà Nội ,HCI
Công ty Cổ phần NTACO ,ATA
Công ty Cổ phần Cấp thoát nước Bình Định ,BDW
Công ty cổ phần Tư vấn công nghệ & thiết bị và kiểm định xây dựng - CONINCO,CNN
Công ty cổ phần Công nghiệp và Xuất nhập khẩu Cao su,RBC
Ngân hàng Thương mại Cổ phần Việt Á,VAB
Công ty Cổ phần Chứng khoán Châu Á - Thái Bình Dương,APS
Công ty Cổ phần Đầu tư và Thương mại Dầu khí Nghệ An,PXA
Công ty Cổ phần Lương thực thực phẩm Vĩnh Long,VLF
Công ty Cổ phần Lilama 69-2,L62
Công ty Cổ phần Cấp nước Bến Thành,BTW
Công Ty Cổ phần Đầu tư Sao Thái Dương,SJF
Công ty Cổ phần Sách Đại học - Dạy nghề,HEV
Công ty cổ phần Khu Công nghiệp Nam Tân Uyên,NTC
Công ty Cổ phần Đầu tư và Kinh doanh Nhà Khang Điền,KDH
Công ty TNHH Một thành viên Xây dựng Công trình Tân Cảng,XDC
Công ty Cổ phần Hàng hải Sài Gòn,SHC
Công ty Cổ phần Vận tải Xăng dầu Đường Thủy Petrolimex,PJT
Công ty Cổ phần May xuất khẩu Phan Thiết ,PTG
Công ty cổ phần The Golden Group,TGG
Công ty Cổ phần Công Nghiệp Gốm sứ Taicera ,TCR
Công ty Cổ phần Hoá An,DHA
Công ty Cổ phần Cơ điện Miền Trung (CEMC),CJC
Công ty Cổ phần Bột giặt Net,NET
Công ty Cổ phần hóa chất cơ bản Miền Nam ,CSV
Công ty cổ phần vinaconex21,V21
Công ty Cổ phần Sara Việt Nam ,SRA
Công ty Cổ phần Chợ Lạng Sơn,DKC
Công ty Cổ phần Đệ Tam,DTA
Công ty Cổ phần Tập đoàn Khải Hoàn Land,KHG
Công ty cổ phần Rạng Đông Holding,RDP
Công ty Cổ phần Đầu tư - Dịch vụ Hoàng Huy ,HHS
Công ty Cổ phần May Thanh Trì ,TTG
Công ty Cổ phần tổng hợp gỗ Tân Mai,TMW
Công ty Cổ phần Sách Giáo Dục tại TP Hà Nội,EBS
Công ty Cổ phần Thực phẩm Sao Ta ,FMC
Công ty cổ phần Pin Hà Nội,PHN
CTCP Tập đoàn F.I.T,FIT
Công ty Cổ phần Xây lắp Thừa Thiên Huế,HUB
Tổng Công ty IDICO - CTCP,IDC
Công ty cổ phần Đảm bảo giao thông đường thủy Hải Phòng,DDH
Tổng Công ty Chuyển phát nhanh Bưu điện – Công ty cổ phần,EMS
Công ty Cổ phần BCG Land,BCR
Công ty cổ phần SDP,SDP
Công ty cổ phần Tập đoàn Everland,EVG
Công ty Cổ phần Thuốc Thú y Trung ương NAVETCO,VET
Công ty Cổ phần Dịch vụ du lịch Bến Thành,BTV
Công ty Cổ phần Sông Đà 1,SD1
Công ty cổ phần Tập đoàn Vexilla Việt Nam,SVN
Công ty Cổ phần Cơ khí và Khoáng sản Hà Giang ,HGM
Công ty Cổ phần Dệt may Hoàng Thị Loan,HLT
Công ty cổ phần Cấp thoát nước Lạng Sơn,NLS
Công ty cổ phần Tập đoàn COTANA,CSC
Công ty cổ phần Đầu tư và Xây lắp Thành An 665,TA6
Công ty cổ phần Chứng khoán BOS,ART
Công ty Cổ phần Bao bì Tân Khánh An,TKA
Công ty Cổ phần Nam dược ,NDC
Công ty Cổ phần Chăn nuôi Phú Sơn,PSL
Công ty cổ phần Thủy điện A Vương,AVC
Công ty cổ phần Đầu tư Hải Phát,HPX
Công ty cổ phần Lọc – Hóa dầu Bình Sơn,BSR
Công ty Cổ phần Phát triển Khu công nghiệp Tín Nghĩa,TIP
CTCP Đầu tư và Phát triển Việt Trung Nam,VHG
Công ty cổ phần Truyền thông VMG,ABC
Công ty Cổ phần Công nghiệp Ô tô - Vinacomin,VMA
Công ty Cổ phần Đường Kon Tum ,KTS
Công ty Cổ phần Đầu tư Địa ốc Khang An,KAC
Công ty Cổ phần Đá Núi Nhỏ,NNC
Công ty Cổ phần Sách Giáo Dục tại TP Đà Nẵng,DAE
Công ty Cổ phần Chứng khoán Bảo Việt,BVS
Tổng công ty lắp máy Việt Nam - Công ty Cổ phần,LLM
Công ty Cổ phần Thủy Điện Cần Đơn,SJD
Công ty Cổ phần Sông Đà 9.06,S96
Công ty Cổ phần KASATI,KST
Công ty cổ phần Cấp nước Bà Rịa - Vũng Tàu,BWS
Tổng công ty Đức Giang - Công ty cổ phần,MGG
Công ty Cổ phần Đầu tư và Phát triển Đức Quân,FTM
Công ty cổ phần Đường sắt Hà Hải,HHR
Công ty Cổ phần Dược phẩm Tipharco,DTG
CTCP Đại Việt Group DVG,DVG
Công ty Cổ phần Đầu tư phát triển ST8,ST8
Công ty cổ phần Việt Trung Quảng Bình,VTQ
Công ty Cổ phần Khoáng sản Á Châu,AMC
Công ty Cổ phần PIV,PIV
Công ty cổ phần Nước sạch Bắc Ninh,BNW
Công ty Cổ phần thủy điện Quế Phong,QPH
Công ty Cổ phần Sông Đà 10 ,SDT
Công ty Cổ phần Bia Hà Nội - Hải Dương,HAD
Công ty cổ phần ICD Tân Cảng Sóng Thần,IST
CÔNG TY CỔ PHẦN CÔNG TRÌNH ĐÔ THỊ BẢO LỘC,DTB
Công ty Cổ phần Khoáng sản Bình Định,BMC
Công ty Cổ phần 28.1,AG1
Công ty Cổ phần Tập đoàn Giống cây trồng Việt Nam,NSC
Công ty Cổ phần Sứ kỹ thuật Hoàng Liên Sơn,HLS
Công ty Cổ phần Cơ điện lạnh,REE
Công ty Cổ phần Giao nhận Kho vận Ngoại thương Việt Nam,VIN
Công ty Cổ phần Hoàng Anh Gia Lai,HAG
Công ty cổ phần Vật liệu Xây dựng và Trang trí nội thất Thành phố Hồ Chí Minh,CMD
CTCP Logistics Portserco,PRC
Công ty cổ phần Thủy điện Đa Nhim - Hàm Thuận - Đa Mi,DNH
Công ty Cổ phần Phát triển hạ tầng và Bất động sản Thái Bình Dương ,PPI
Công ty cổ phần Cảng Xanh Vip,VGR
Công ty Cổ phần xuất nhập khẩu thủy sản Hà Nội,SPH
Công Ty Cổ Phần Đường Quảng Ngãi,QNS
Công ty cổ phần phát hành sách Thái Nguyên,STH
Công ty Cổ phần Hùng Vương ,HVG
CTCP Tập đoàn GCL,KDM
Công ty Cổ phần Ắc quy Tia sáng,TSB
Công ty Cổ phần Đầu tư BKG Việt Nam,BKG
Công ty Cổ phần Chế biến Gỗ Đức Thành ,GDT
Công ty Cổ phần DIC-Đồng Tiến ,DID
Công ty Cổ phần Tập đoàn HAPACO,HAP
Công ty cổ phần Cơ Khí An Giang,CKA
Công ty Cổ phần Đầu tư và Xây lắp Thành An 386,TA3
Công ty Cổ phần Chứng khoán VNDIRECT,VND
CTCP Dược Phẩm Trung ương CPC1,DP1
Công ty Cổ phần Thép Pomina,POM
Công ty Cổ phần tập đoàn Việt Thái,VTH
Công ty Cổ phần Nhiệt điện Phả Lại ,PPC
Công ty cổ phần Tập đoàn Khách sạn Đông Á,DAH
Công ty Cổ phần Dược - Trang thiết bị Y tế Bình Định (Bidiphar),DBD
Công ty Cổ phần Nông sản Thực phẩm Quảng Ngãi,APF
Công ty Cổ phần Tập đoàn PAN,PAN
Công ty Cổ phần Dịch vụ Nông nghiệp Bình Thuận,ABS
CÔNG TY CỔ PHẦN TCO HOLDINGS,TCO
Công ty Cổ phần dịch vụ hàng hóa Nội Bài ,NCT
Công ty Cổ phần Cà Phê PETEC,PCF
Công ty Cổ phần Cấp thoát nước Cần Thơ,CTW
Công ty cổ phần Đầu tư Thương mại và Xuất nhập khẩu CFS,KLF
Công ty Cổ phần Công nghệ - viễn thông ELCOM,ELC
Công ty Cổ phần Chứng khoán Rồng Việt (VDSC),VDS
Công ty Cổ phần Đầu tư cao su Đắk Lắk,DRI
Công ty Cổ phần dịch vụ tổng hợp Sài Gòn ,SVC
Tổng Công ty tư vấn thiết kế dầu khí - CTCP,PVE
Tổng Công ty Cổ phần Bảo hiểm Petrolimex ,PGI
Công ty Cổ phần DRH Holdings,DRH
Công ty Cổ phần Du lịch-Dịch vụ Hội An,HOT
Công ty Cổ phần Thủy điện Gia Lai,GHC
Công ty Cổ phần Năng lượng và Bất Động sản MCG,MCG
Công ty Cổ phần Xây dựng số 15,V15
Công ty Cổ phần DOMENAL,DMN
Công ty Cổ phần Thương mại dịch vụ tổng hợp Cảng Hải Phòng ,DVC
Công ty Cổ phần Hạ tầng Nước Sài Gòn,SII
Công ty Cổ phần Lilama 5 ,LO5
Công ty Cổ phần Cảng Đồng Nai ,PDN
Công ty Cổ phần Licogi 13,LIG
Công ty Cổ phần Sông Đà 12 ,S12
Công ty Cổ phần Thiết bị phụ tùng Sài Gòn,SMA
Công ty Cổ phần Sông Đà 1.01,SJC
Công ty Cổ phần Thép VICASA - VNSTEEL,VCA
Công ty Cổ phần Đầu tư và Xây dựng số 4,CC4
Công ty Cổ phần Khoáng sản và Vật liệu Xây dựng Lâm Đồng,LBM
Công ty cổ phần Xếp dỡ và Dịch vụ Cảng Sài Gòn,SAC
Công ty Cổ phần Thực phẩm Lâm Đồng ,VDL
Tổng Công ty Cổ phần Bảo hiểm Hàng không,AIC
Tổng Công ty Cổ phần Bảo hiểm Sài Gòn - Hà Nội,BHI
Công ty Cổ phần Đầu tư và Xây dựng VINA2,VC2
Công ty Cổ phần Thương mại và Đầu tư VI NA TA BA,VTJ
Công ty Cổ phần Công nghiệp Thủy sản,SCO
Công ty Cổ phần Đầu tư Xây dựng lắp máy IDICO,LMI
Công ty Cổ phần Sản xuất - Xuất nhập khẩu Thanh Hà ,HFX
Công ty Cổ phần Xây dựng số 11,V11
Công ty Cổ phần Phân Bón và Hóa Chất Dầu Khí Đông Nam Bộ ,PSE
Công ty cổ phần bia Sài Gòn - Nghệ Tĩnh,SB1
Công ty cổ phần Hanel Xốp nhựa,HNP
Công ty Cổ phần Nhiệt điện Bà Rịa,BTP
Công ty Cổ phần cơ khí Đông Anh Licogi,CKD
Công ty Cổ phần Thủy sản số 4 ,TS4
Công ty cổ phần Xăng dầu Dầu khí Nam Định,PND
Công ty Cổ phần Bao bì và In nông nghiệp ,INN
Tập đoàn VINGROUP - CTCP,VIC
Công ty Cổ phần Xây lắp III Petrolimex,PEN
CTCP Đầu tư Kinh doanh nhà Thành Đạt,VHH
Công ty Cổ phần Vận tải thủy - Vinacomin,WTC
Công ty Cổ phần Đại Thiên Lộc ,DTL
CÔNG TY CỔ PHẦN XÂY DỰNG ĐIỆN VNECO12,E12
Công ty Cổ phần Thủy điện Thác Mơ,TMP
Công ty Cổ phần Lilama 3 ,LM3
Công ty Cổ phần nhựa Việt Nam ,VNP
Công ty Cổ phần Xuất nhập khẩu thủy sản An Giang ,AGF
Công ty Cổ phần Cấp nước Thủ Đức,TDW
Công ty Cổ phần LOGISTICS VINALINK ,VNL
Công ty cổ phần Tập đoàn Nova Consumer,NCG
Tổng Công ty Cổ phần Đầu tư xây dựng và Thương mại Việt Nam,CTX
Công ty Cổ phần Nhựa Sài Gòn,NSG
Công ty Cổ phần Sông Đà 11,SJE
Công ty cổ phần Dược phẩm Trung Ương I - Pharbaco,PBC
Công ty Cổ phần Thông Quảng Ninh,TQN
Công ty Cổ phần Dược - Vật tư y tế Đăk Lăk ,DBM
Công ty Cổ phần Dược phẩm TV.Pharm,TVP
Công ty Cổ phần Phát triển Điện Trà Vinh,DTV
Công ty cổ phần Sông Đà 7.02,S72
CÔNG TY CỔ PHẦN VINAPRINT,VPR
CÔNG TY CỔ PHẦN TƯ VẤN VÀ DỊCH VỤ VIETTEL,VTK
Tổng Công ty cổ phần Sản xuất – Xuất nhập khẩu Bình Dương,PRT
Công ty Cổ phần Cấp nước Gia Định,GDW
Công ty Cổ phần Đầu tư phát triển - Xây dựng (DIC) số 2,DC2
Công ty cổ phần Dược - Vật tư Y tế Nghệ An,NTF
Công ty cổ phần quốc tế Holding,LMH
Công ty Cổ phần AAV Group,AAV
Công ty Cổ phần Viễn thông FPT,FOX
Công ty cổ phần Dược liệu và Thực phẩm Việt Nam,VHE
Công ty cổ phần Vận tải Đường sắt Sài Gòn,SRT
Công ty Cổ phần Khoáng sản Bắc Kạn ,BKC
Công ty Cổ phần SCI,S99
Công ty Cổ phần Giống cây trồng miền Nam ,SSC
Công ty cổ phần Tập đoàn Xây lắp 1 - Petrolimex,PCC
Công ty cổ phần Đầu tư Năng lượng Đại Trường Thành Holdings,DTE
Công ty Cổ phần Dược Danapha,DAN
Công ty Cổ phần Alphanam E&amp;C,AME
Công ty Cổ phần Đầu tư Hạ tầng Kỹ thuật Thành phố Hồ Chí Minh ,CII
CÔNG TY CỔ PHẦN TẬP ĐOÀN HOÀNG KIM TÂY NGUYÊN,CTC
Công ty Cổ phần Dược phẩm Trung ương Vidipha,VDP
Công ty Cổ phần Viglacera Tiên Sơn ,VIT
Công ty Cổ phần Tập đoàn Thiên Quang,ITQ
Công ty Cổ phần Bibica,BBC
Công ty Cổ phần Chè Biển Hồ,BHG
Công ty Cổ phần Tân Cảng Quy Nhơn,QSP
Công ty Cổ phần Viglacera Hạ Long,VHL
Công ty Cổ phần Cát Lợi,CLC
Công ty Cổ phần May Bình Minh,BMG
Công ty Cổ phần Đóng tàu Sông Cấm,SCY
Công ty Cổ phần Thống Nhất,BAX
Công ty Cổ phần Dược phẩm Trung ương 2,DP2
Công ty Cổ phần Xăng dầu Dầu khí Thái Bình,POB
Công ty Cổ phần Vật tư Tổng hợp và Phân bón Hóa sinh,HSI
Công ty Cổ phần Công nghiệp Tung Kuang,TKU
Công ty cổ phần Bao bì Hoàng Thạch,BBH
Công ty Cổ phần Bảo hiểm Ngân hàng Nông nghiệp (ABIC) ,ABI
Công ty cổ phần Đầu tư và Xây dựng Xuân Mai,XMC
Công ty Cổ phần Tập đoàn Giáo dục Trí Việt,CAR
Công ty cổ phần Đầu tư Nước sạch Sông Đà,VCW
Công ty Cổ phần Bao bì Tân Tiến,TTP
Công ty Cổ phần Cảng Cửa Cấm Hải Phòng,CCP
Công ty Cổ phần Đầu tư CMC ,CMC
Công ty cổ phần Vận tải và Dịch vụ Petrolimex Nghệ Tĩnh,PTX
Công ty cổ phần Địa ốc Tân Bình,TBR
Công ty Cổ phần In Tổng hợp Bình Dương,IBD
Công ty Cổ phần Xây lắp và Sản xuất công nghiệp,CIP
Công ty Cổ phần Khoáng sản và Vật liệu Xây dựng Hưng Long,KHL
Công ty Cổ phần ILA,ILA
Công ty cổ phần May Quốc Tế Thắng Lợi,TLI
CÔNG TY CỔ PHẦN SỮA QUỐC TẾ,IDP
Công ty Cổ phần Cấp nước Nam Định,NDW
Công ty Cổ phần Du lịch Đồng Nai,DNT
Công ty Cổ phần Hưng Đạo Container ,HDO
Công ty Cổ phần Du lịch Thành Thành Công,VNG
Công ty Cổ phần Phát triển đô thị và khu công nghiệp cao su Việt Nam,VRG
CÔNG TY CỔ PHẦN KIM LOẠI MÀU NGHỆ TĨNH,KLM
Công ty Cổ phần Tập đoàn Vinacontrol,VNC
Công ty Cổ phần Dầu khí Đông Đô,PFL
Công ty cổ phần Tập đoàn Truyền thông và Giải trí ODE,ODE
Công ty Cổ phần Xây lắp Dầu khí miền Trung ,PXM
Tổng công ty Máy Động lực và Máy Nông nghiệp Việt Nam – CTCP,VEA